fox	grounded	hunting	jealousy	policies	toffs
beyond	cringe
call	close	phew	sounds
candidates	crazy	exist	generic	pessimistic	plenty	problem	room	spare	win
treason
dead	drag	moment	mongoose	watching
depression	messyourself
beach	considering	especially	fresno	long	state	went
kerophibian
except	grows	mirror	shape	themselves
arrow	confusing	each	randomly	shining	watched	week
baby	cute	face	husband	shot
awfully	bars	gloomy	mind	prison	ribbons
ads	trashier
announcers	card	ending	enough	favorite	fighting	games	racing	reminds	school	sting	title	top	videos	weirdly
anything	awkward	saw	video
40	downvotes	little	offended	seems
guys	paid	set
colleagues	elementary	few	level	subbed	times
crap	load
bathroom	clean
conspiracy	defend	dictator	evil	grow	murdering	pedal	theories	whataboutism
half	liked	naked
biology	department	dull	paid	poop	rat	vacuum
alone	aloneinthecity	empty	loneliness	lonely
approach	country	divided	fight	martyrsnotbeggars	own	pakistani	terrorism
week
biker	hot	suit	tight
idea
5679787	cannot	dm	each	fail	follow	letdown	party	partydelightsuk
country	epicentre	global	human	india	itself	pakistan	preaching	reply	rights	unga
ain	artemis	forever	might	suckers	waifu
festival	trash
joke	mushroom	penis	photos
forbid	heaven
done	dude	heart	insane	short
envious
distracted	edited	haircut	little	meant	voters
completely	end	epic	favorite	hardhomme	ridiculous	stare	unbeleivable
end	freaking	kid	tell	weirdo
burn	car	cheaper
cause	eat	garbage	likes
act	against	essdotx	favor	forgiving	interest	jovial	negro	oppressor	pressed	self	upon
exsists	internally	kills	latin	pig	plastic	surgery
15	between	difference	fosu	having	league	mensa	minutes	premier	reserves	wide
leftie	swiping
bingo	bit	deleted	seems	showed	snapchat
assaulted	cant	claiming	fetishists	sexually	without
bissexual	both	either	problem	sexes	tbh	tho
absurd	attacked	attacks	bump	conservative	directed	fist	fox	media	news	top
alright	conclusion	dude	funniest	internet	ok	smile
days	national	probably	straight
absolute	born	despair	komaebun	thinking	wants
comments	please
ice	powers	pretend	wikihow
casuals	faved	gag	making	tweets	vic
amala	crash	dressed	eat	gate	gele	lace	lagos	owambe	shake	somebody	waist
dr	extremely	hear	later	long	messy	situation	split	story
active	ahead	early	education	kids	money	participation	rich	training	without	worthless
hypocrisy	projection	smearing
access	afp	cancelled	cbs	coltonflurry	feeds	imo	jc	live	paul	said	strangefacesla	vic	won
frisky	season
courseness	culture	each	lindsey	log	pics	saddened	view	vonn	website
boy	grade	named	pencil	sixth	stabbed	stomach	yep
full	pant	turd
happy	imagine	instead	team
7th	conspiracy	damn	days	grade	theorists	world
cars	wreck
enough	serious	worthy
ahsaftershow	horror	hunks	mamasitas	miss	seriously	therealedhansen	trixiemattel
dude	fukc	lost	morning	spectacles	strong_bread
burn	vile
damn	god	level	manages	mufc	play	rojo
energy	giving	wish
25	af
filth	piece	youre
collecting	entitlements	paradox	theft	working
board	couldn	loathe	lynching	obnoxious	twat
incest	lesson	moralising	practice	tells	us
existing	sadness	yea
accept	assume	cases	commit	guilty	innocent	many	men	places	proven	rape	refuse	until	women
position	sitting
able	ex	guys	mos	trouble
kat
sparkling	terribledebatequestions
29	dude	goalie	hyped	prospect	seemed	world	wtf	yesterday
crap	finding	google	obscure	tried
disgrace	food	money	stamps
character	confirming	suspicions	thank	yuck
absolute	reason	sd
dirtiest	psychopath
bigot	daily	site	wire
dirty	home	messy	once	outsiders	treat	urban	village	worked
africa	forward	moving	overpopulation	problems	starvation	tremendous	tribalism	unique	war
dicky	guys	ladies	line	luck	perpetually	pick	sticky	use	wish
damn	fuckin	must	stink
bigbosspeltonen	cutting	death	nlikewise
gonna	horrid	mine	rn	tbergg1	week
err	fake	oranger	shade	tan
depression	itnevergoes	stop	unhappy
ketchup	mayonnaise	mix	pickle	relish
cool
description	fright	rather	terrifying
80s	95	99	against	fighting	haideralabadi	hassanrouhani	iran	iranian	iraq	iraqi	political	terror	ykrahs666
floor	found	masturbating	naked	patient	repeatedly	young
calling	proud
campus	college	surrounded	undergrads
among	aside	else	face	fail	fake	hoping	parents	praising	pretending	relatives	secretly	world
anyway	choices	draft	matter	pick
gets	gloomy	mood	outside
kind	special	stupid
glee	kurt
chaser	convinced	dumb	escalation	incredibly	shooting	shouting	spree
gbbo	horror	minute	show	watching
attack	interview	long	manages	questions	willing
actually	bored	distracted	few	found	kind	myself	rewind	times
condom	dog	shoe	whips
absolute	bit	bus	cake	car	crash	horror	icing	shaking	week
accent	connect	end	internet	procedures	spanish	stinking
diazepam	first	nah	often	try	used	wouldn
beating	children	emotionally	physically	wasted	wife
scat	vomit
full	grungy	redhead	talking	tummy	watch
21	million	ridiculous	tenure	throughout	went
comment	read	responding
backtoreality	believe	days
loss	thats
bigger	gotten	older	yes
home	stayed
america	become	entitlement	female	hated	loiuselinton	martinshkreli	skill	takes
beat	character	face	show
gloomy	higher	serves	village	wolves
belts
bigot	ignorant	imagine	thinking
feminazis	hijab	trash
cheer	drink	flanneljedi	myself	watch
breaking	does	extreme	fan	matter	news	sports	stupid
accuse	appalled	comrade	drugs	enhancing	neigh	performance	using
fearsome	giant	jump	movie	scare	sharks	squid
child	dumb	kids	seat	secure	theyre	wtf
hated
forever	form	heartbeat	longing	loss	memories	past	sadness	shape	stumbling
feeling	gut	official	update
cruel	false	preference	racist	reason	untested
45	65	almost	billion	complete	crisis	dryupquick	high	hilarious	itll	joke	opiod	pennies	pools	risk
busy	nose	pass	pick	picking	shitty	tongue
city	crescent	guys	sucks
shitpost	uncultured
02	2003	born	ffs	please	posting	seeing	stop	tho
adults	ash	childhood	drank	foolish	ignorance	refused	scolded	stuff	swallowed
behind	channel	house	point	runoff	sink	tastes	water
awake	keeps	shitty	taste
baiting	gossip	idiots	panel	race	shitpost	tyt
iaindale	lbc	moist	opinion	scrape	shudder	word
fat	making	moron
abuse	constantly	degrades	hits
age	disgusted	fake	learn	news	reading	upon	writes
able	age	cut	hire	hollywood	iamnotatwit	lie	spry	thegoldbergs	young
70s	again	hc	repeatedly	said
ew	grim	omg	samkingftw
area	cars	drivers	fateful	imagine	incompetent	innocent	intersection	keep	live	plowing
word
15_jordyn	clown	enoughisenough	mrscassonc	neighborhood
hands	must	sweaty
circles	clergy	donatists	dreadful	evangelical	fmr	historic	laurakfillault	point	thomashcrown	wonder
around	arrows	green	running	two
alone	flashbacks	girls	gives	screaming
adam	ben	general	hear	hebrew	humans	refers	simply	son
dark	scared
thread
australia	awfully	edit	similar	situation
bruise	door	fingernail	fingers	shut	smart	under
doomed	everything	far	saying	thus
mess
autodealerlive	awarded	bomb	lol	realmatkoenig	serious	thefrankjlopes	trophy
already	blocked	supportive	yup
attitude	dream	duty	personal	purpose	reproduce
brexit	fact	future	gloom	happening	ignore	line	managing	news	pushing	simply	sky
dubious	experimental	many	practices	psychology	shame	statistical	studies	using
confusion	discussing	night	resentment	sex	writing
truly
bathe	decided	egg	instead
accounting	mentally	okay	physically
addict	artists	blocks	cats	coffee	gt	hedonists	mylittlepwnies3	terrorism	writers
8k	adamcimmering	boro	chelsea	give	lively	os	stewards
sporadic	tube	tweeting	wifi
care	ignorant	others	safety	shame
beyond	biological	child	control	father	kicking	objectively	trait
bath	manure	took
dumb
block	city	probably	specific
question	shout	simple
vwp
bullying	conformity	different	discourage	enforce	social
labour	option	treacherous
around	bannner	both	flask	mess	sides	viable
60	attractive	butt	exposing	falling
mustache	smells
abo	dirty
disgusted	shocked
hellraiser	month	read	reboot	script	tell
move	trust
dad	insisting
amp	blanchardstown	centre	figured	lost	marks	shopping	spencer	working
believe	wonders
gonna	omg	reunion
campaign	extra	light	recent	revelations
belief	called	law	penetrated	peoples	rape	required	says	systematic
anything	belongs	fans	regarding
average	partly	product	standards
maturity	soul
floor	happened	incorrect	ruling	says
yuck
10	days	diapers	dirty	judging	month	worth
2005	dynasty	missed	tigers	wtf
alone	anyone	ashamed	else	expecting	fruitcart	knowing	oughta
damper	pajamas	quite	stealing	wear
concern	david__osland	deselect	encouraging	gambieranger	leader	many	supporters	us
11	came	question	shut	somewhat	valid
dislike	downvoted	misusing	possibly	word
ad	aww
grandma	math
banned	free	sites	society	tube
doing	humanity	insult
actually	art	prices	sell	sucker	suckers	takes
bismol	compositional	garbage	hipster	looking	pepto	trash	vomit	worth
bro	bsmarz22	haha	married	mizzymaxx	sadly	ssmik2309
absurd	amymek	country	crying	future	laugh	wakeupcall
heck	heckin	holy
bullshit	matter	recycle	signature	smells	win
absolutely	crime	forces	penis	smoking	sure	vagina
everything	glitter
figure	firerocket	fool	gotta	on_earth	salary	taking
bees	scared	terrify
_adam_price	afraid	bbc	bicycle	davies	editorially	paths	queue	ron	trumped	walespolitics
argument	dumb	speak	text
baddest	chicago	fact	side	south	town
amount	oil
bed	leave	morning	stand	table
bohemian	great	queen	rhapsody	song	songs	wasn
bar	brunei	cars	disheartening	driver	grand	known	roof	side	stolen	vitara
creature	hideous	poor
dd	mm	type	yyyy
decent	middle
annoying	idealogues
beating	comparison	detailed	explicit	fantasies	little	ridiculous	sexual	whole
cartridge	signs	weed	wtf
insane
account	anonymous	awe	behind	lmao	must
arround	big	doorjambs	drop	gleeful	likes	ride	shoulders	sometimes	spider	unexpectedly	vents
banging	realize	ukulele
abt	cost	country	dat	de	dvlpt	elated	fails	happy	modi	narendramodi	nything	sardesairajdeep	seem
400	acting	blood	bp	bucks	charged	check	doctor	high	la	little	medication	pressure	renewing	wife
10	blocking	braindead	cancer	checkline	lane	line	minutes	pure	sore	story	stuck
dread	drive	wednesday
average	discouraged	dpt	gpa	kin	major	programs	solid
ferdinand	franz
afraid	breathing	bridge	drive	outdoorloverz	stop	yooo
2am	road	towing	vic	washed
despises
blake	bls	depress
sick	tummy
3x	eamaddennfl	easports	elway	fumbled	john	played	sacked
creepily	reproduced	until	wed
enough
amazing	brock	give	money	qb	texans
blankets	eternal	hoody	mope	sunshine	two
dear	lord
ago	continuous	houston	iso	said	watch
clicks	fake	generate	news	nuts	padres	using
bones	felt
camilluddington	crawl	fact	hole	nervous	youre
bin	goes	loud	point	qmos	real	toss
5livesport	heard	miss	pmo100	weary
beats	definition	drinks	grown	irresponsibly
dull	friday	kinda	untypical
shithole	universe
rabid	vladfucker69
bowers	drove	evening	jasonbhampton	went
access	called	cause	drive	illegal	lose	making	menacing	ocean	sisters	terroristic	threat	threatening
agenda	blasphemy	deny	fit	place	reddit	religion	scripture
bend	break	heart	shake
10mcg	celulose	corn	cyanocobalamin	fillers	seemed	starch
muricans	op	ruined	said
bumper	forever	fucked	insurance	repair
stupid	tbh	ways
citizenship	families	immigrant	toward	without	working	yes
30	alarm	used
actual	bits	cooked	hilarity	ingest	ok	raw	safe	taste	tasted
algebra	complete	degree	ideologically	maths	opposed	wouldn
children	learn	live	ridicule	shy
around	door	forgot	guess	neat	once	pic	saw	totally	until	went
blood	poor	redhead	true	vampired	virgin
call	come	hellseashell	hey	myself	piece	sacrifice	wants	worry
age	cool	dads	legal	molested	wasn	young
adults	begins	children	consenting	illegal	long	parents	relationship	sex	siblings
fucked	labor	laws	us
imagination	imtarakate	realizes	stretch	uggh
stuff	watch	youtube
eating	else	sickness	smell	spread	wants
announce	themselves
ass	irony	lazy
conservatives	doing	immoral	sex	unless
celebs	culture	entirely	feed	hookup	horrendous	news	page	porn	snapchat	stories
course	discouraged	jwonder81	macadamionnut	must	problem	progress	rhetoric	sake	substance
bloody
antidemoratic	democracy	eu	institutions
ddr	korean	pump	rip
joke	sitcom
deal	issue	sheesh
alot	around	cultivating	kindness	seeing	start	successtrain	totally	turn	warrior	world
absolute	based	hated	outfit
50	does	downright	inappropriate	keep	quiet	testing
husband	lie	reputation	spread	worried
bs	history	revisionist	selfish	stop
ima	kitchen	sink
goes	panic	power	shower
book	cazual_wear	gun	itsagunalright	scottinsc	shaped
appendix	belly	button	celebrity	surgery	tweeted
anything	harassment	statement
aht	dan	eat	eban	ferk	pizza	troo	wif
abusive	caustic	infj	quite	times	verbally
allowed	complete	complicit	disgrace	happen	punished	questioned
deal	easily	leafs
anything	aunts	behavior	dont	give	im	loss
forcibly	making	striving	wrong
greasy
become	full	hillarysheath	hotrodarchie	issue	mode	panic	qadkins79
afraid	big	coward	election	hide	hillary	orangehitler	presidentialdebate	presidentialelection2016	skip	trump
sticking	tongue
abhors	awaits	away	blow	fly	friend	matter	may	morrow	somber	winds	world
act	first	imagine	itself	nytimes	president	response	terror	terrorizes	trump	trying
again	badkarma	contact	cs	having	issues	lacking	reaching	severely	technical	unhappy	yourkarma
actually	egg	looking	plate	quail
alright	avatar	earth	films	genuinely	happening
attention	fly	soup	tiny
sucks
again	antidiarrheals	blogger	channels	data	diarrhea	early	fever	first	hoarding	journals	lack	line	meds	misinformation	official	others	panic	post	prefer	public	read	reduce	rumors	science	second	short	sick	sold	spread	spreads	stop	thanks	videos
bridge	eats	goat	goats	troll	under
dentist	energy	kid	skyzone	visit
ew	horrid	photo	school
_jessicavidal_	drink	pour	sink
bojack	depression	horseman	saddest	season1	show	written
please	polite
16	30	again	around	come	pleasant	temps
basis	done	either	haven	speculating
earned	killed	packers	ridiculous	sometimes	spot	sub	thank
apparently	either	posted
blame	broken	madden	tdsnation
another	criticizes	fascist
black	mourn	rosalilium	tomorrow	wearing
hold
feels	hmm	missed	negative	somehow	twitter
care	couldn	gotham	haven	kamper10	less	mid	point	season	smb_ryan	watched
child	joyful	little	lives	middleeasteye	peace
aren	battered	complain	convinced	despair	questions	twitter
outside	smelled
ariel	barbaria	brutality	hilarity	hot	julian	king	korgoth	malkarii_
mark	mess	nsfw	title	week
absurd	bar	date	searching	series	through	tinder
drink	spill
bureaucrat	director	dull	formed	group	megaproject	nl	nlpoli	oppose	top
actually	anyone	daily	takes	tell	train
2013	concluded	disappointed	graduate	however	lestweforget	recruitment	tonyattah	trainee	weary	wewait	yrs
blessed	brand	car	submissive
badass
albums	beatles	country	decided	final	gaga	lady	opera	radio	singing	told
babies	easy	eats	goes	hear	punches	puppies	rest	sundays	week
crackers	dam	fire	helped	poor	throw
around	carapace	feet	ground	hearing	hitting	sliding	vomit
enjoy	enough	first	frustrating	glad	tedious
complicity	interference	keithrothfus	obviously	problem	russian	russianhacking	silence	treason
aquaria	cracker	delusional	humor	miz	parts	pettiness	problematic	shadiness	slightly	sometimes	trixie	unprofessional
truly
fav	great	haven	horror	movies	used
used
colors	might	ones	owl	significantly
defensively	space
embarrassed
smoking
ask	bit	car	chafford	dark	hundred	lights	nights	park	sainsburys	scary	store	thanks	turn
accept	btw	dry	eable	jack_haug_lifty	lied	lost	ms	remain	remainer	tears
delirium	during	facemask	flu	phantom	sorts	suffering
pity
goop	website
grimy	shudder	theurbanologist	tunnels	tweets
done	favorite	kid	mouth	spit	vomit
fast	fishing	lane	sitting	tickets
lol	minutes	nascar	suppose	tangent	went
broken	disguise	engaged	jacket	leather	smell	stevie	throat	trying	wii	wonder
comments	gardeners	hys	internet	question	section	youtube
corn	creamed	foreseeable	future	panties	planning	poor	tehe
crying	jerk	looking	mirror	seems
drive	kill	lane	swerve
bit	everything	great	negative
away	pelicans	trade	waste
again	comforting	familiar	feels	hockey	oddly	suck
dog	treats
completely
horribly	minion	stuff	wrong
almost	butter	peanut	straight	trash	tried	vomited	went
age	kids	stuff
bosnaud	code	cryptic	feathers	resorted	ruffle	scared	unclecamscabin	writing
alcohol	chronic	pain	remember	self	treating
base	hearing	list
believed	disturbed	everything	headed
snob	workers
butt	poop
cringe	parents	real
brain	dead	idiot
again	announced	cisco	faint	ios	patched	shocking	users	vulnerabilities	week	yet
depression	sucks
asleep	bed	class	easy	fall	insomnia	rocktheretweet	teamfollowback	true	whileyouweresleeping
fear	pakistan	terrorist	terrorstatepak
radio
alarm	innocentia_t	nap	scared	set	tomorrow	wake	wanna
keeps	rebound	set
aimed	directly	individuals	shirt
hair
allow	children	danger	harm	unless
dare	level
cliche	ended	hopefully	less	liked	practice	private
17	brexit	err	gloomy	mio	remain	skynews	wasnt
irrelevant	ppl	r0ils	smiling	triggered
amount	fair	foul	language	violence
hideous	sounds
discrimination	happen	hire	management	ok	position	suit	uncomfortable	waiting	women
500thtest	b_mccullum42	bcci	colors	hitter	match	national	odi	t20	virendersehwag
awkward	barely	boring	close	family	insists	relatives	visiting
comment	credit	give	meme	trash
haha	scentsy
10	absolutely	calls	damning	first	minutes	phone
accepted	accountability	amp	concept	deaths	despite	driving	personal	rage	road	violations	widely	yet
catch	change	hang	ok	onto	reason	whiney
bit	offer	recommend	song	strokes	told
countries	denial	main	mea	pak	peace	referred	statement	terror	threat	un	virtually
80s	chairman	curvy	demands	masculine	men	taste	women
afraid	answer	danger	immediate	jaysekulow	realdonaldtrump	reveal	taxes
detroyed	dude	kaaba	three	times
abuses	downvoted	eugh	kids	live	pointing	society
fact	questioning	worrysome
kinky	liked	sex
boss	brand	change	coconut	first	hasn	penalty	personal	probably	tastes	tied	tree	yet
bed	call	ily_geuly	intend	laying	months	moping
children	expected	headline	mother	per	population	shrink
done	horrific	needs	omg	rosskemp
closed	everybody	few	hearing	managers	office	offices	personal	spaces	without
clowns	digital	fans	info	jumped	launched	war	wuming
mad	stinky
bitter	moving	seems	theirs
anything	done	said
actual
anyone	else	greens	logo	optics
150	against	anything	apartheid	blame	decided	dont	everything	kinda	mind	speaks	whole
death	himself	ironic	others	save
chicks	pubes	seat	stealing	toilets
absolutely	cringe	crossover	elseworlds	performance	screen
bet	blessing	having	hearing	loved	media	messaged	mum	social
dull	swp_roads
anxiety	energy	high	office	pick	prisoned	realized
gloomy	hour	megalvz
adversely	affected	gonna	guess	hazard	saints
condescending	cringey	reddit	tyl
control	hospitals	labs	pandemic	private	public	remove	testing
badly	union
ahh	bush	chooks	come	culturally	gags	inappropriate	lit	mate	reich	third
ceiestialfoxx	ending	expected	movie	remember	scary	wasn
fishing	jump	month	story
design	facebook	god	heyday	myspace	remind	started
absolutely	thats
baloch	challenge	funnier	kapilsharmak9	kashmir	laughter	nawaz	sharif
algeria	blind	faith	fellow	ridiculous
70	birthday	bunch	doing	happy	laundry	show	strangers	watching
confirm	dated	fan	pens	swb
babies	opiates	puke	science
couldn	eric	hurt	laugh	pain	rowillfindyou	sit	somewhere	wanted	wince
child	murderer	originally
guys	holy	roleplay	scumbags	through
homophobic	openly	secretly
400	choose	common	derogatory	generally	meaning	nearly	sense	taste	word
cooking	heard
damn
crap	holy	movie
fo	history	magic	might	orlando
perilous	sporadic	tube	tweeting	wifi
autism	condition	far	mental	whatever
idea	straight
dishes	etc	shower	takes	wash
must	smell	sweats
couple	glad	jerks	move
arms	girls	hairy	scare
dread	making	tonight	weather
dirty	sneaky
congratulations	decided	found	morality	society	subjective
change	foh	lewis	lost	raylewis	remus	theydontlikeyoueither	uncle	unwoke
2day	agent	away	bcuz	bwi	deltaassist	earlier	flt	late	pas	silvereliteleftbehind	tried	turnd
apartment	bet	condo	inside
engagement	held	higher	level	officers	police	rules	soldiers	war	zones
challenge	formidable	hodgson	jdwmaguire	roy	shudders	town
bating	close	gotta
far
around	manchester	painting	penis	pothole	seems	try	worked
almost	beak	followers	ilovetailgating	iq	jaredwyand	low	shocking
describes	tag	vicious	views
100	acceptable	agree	boy	double	goes	nuts	perfectly	present	sexualised	somehow	standards	whole	world	young
dreadful	penny	season
bb18	hahaha	hating	michelle	nicole
falls	finds	version
allowed	goal	mistake	mistakes	tho
bored	boredaf	country	countrygirl	kik	kikme	kikmessage	leave	rn	snap	snapchat	snapchatme
history	human
rookie	season
carr	cry	jimmy	shiver
troll
dirty	kimono	wearing	weirdo
contain	dictionaries	joke	offensive	proper
bb18	congrats	fix	nicole	nose	petty
alright	bunch	give	scum	understand
against	calling	chants	detriment	gonna	lie	offensive	play	unnecessary
89th	brooklyn	driven	se	st
unpleasant
although	around	button	healer	maiming	recently
gets	longer
blinders
ice	rip	scum	vanilla
creek	dump	heard	maybe	ranch	shadow	smells
attacks	electing	future	jihadist	job	london	luck	mayor	muslim	nice	paramjitgarewal	sadiqkhan	terror
absolute	month	release	remember	shitstorm	sub
amp	awe	bigdaddyx47	cats	dogs	snake
alone	ball	bitch	bone	dun	mah	rasty	squeeky	took
broadband	bt_uk	regretting	shocking	shouldofgonewithvirgin	signing
discovering	fixed	grammar	history	instead	past	point	simple	single
15	calling	doom	fitzstockcharts	gloom	gundlach	move	rounding	top
looked
definitely	suck
arrest	called	cardiac	cut	finger	jonnyp_43	medchat	medicnow	turned
commentators	cringe	forced	jokes	listen	worthy
play	power
anthony	bill	breaks	clinton	dming	exist	heyday	prayer	revelation	says	texting	thanks	weiner
amp	around	care	dying	evrn	global	hunger	idea	kashmir	kids	nation	nawazfightsforkashmir	revolves	terrorism	whole
accidentally	engine	outside	poor	problem	small	sunk	teeth	vein
hideous
completely	cruel	dark	execution	informed	likely	relatives
beautiful	colors	cry	richness	wanna
fake	news
awfulness	disturbing	done	incredibly	makeup	professional	purposeful	shock	sub	theatrical	unintentional	value
blood	concern	dad	dear	doctor	drawing	gawd	liking	needles	nice	poking	post	prodding	taken
abhorrent	educated	fetus	killing	umm	viability
fast	government	infrastructure	progress	shame
bet	btw	hit	pnw	wtf
benefits	bothered	care	exactly	jerk	little	prick	selfish	unless
done	helping	motherfucker	racist	society	yet
dumbing	sense	thanks
care	enough	evidently	impact	large	population	voting
amd	clutterfuckedd	ducks	realized
emoji	exact	moment	panic
bed	cheese	dreams	eat	lovemysleep	night	strange
attractive	does	eyes	great	shame	smile	themself
borderline	call	college	egregious	football	missed	targeting
conservatives	extremely	fudds	gets	gigantic	girlfriend	point	triggered	uncle
anyway	asylum	come	deport	guys	seekers	sounds	wall
cereal	milk	mushy	soaking	stuck	until
against	aren	attacks	citing	countries	infidels	muslim	reason	refugees	taking	terror	terrorism	understand
ass	shut	soft
certainly	zelda
16	boys	grafx	spell	turbo
bussing	konanplaydirty	nahhhhhh	snap	story
bug	downright	embarrassingly
calling	dress	kid	liking	little	misogynistic	play	sexualized	thread	trashy	whole
btw	insidious	manipulation	mother
afterwards	cake	doubt	enjoy	icing	killers	killing	serial	stuff
annoyed
bitch	guys	son	stand
appeal	fallacious	logic	may	nature	pointing	true
akot	shot
afternoon	conclusion	depressed	grim	haven	lots	tv	wasn	watching	whataloadoftat
50	able	gone	grapefruit	marksandspencer	squash	unhappy	weeks
anybody	dreadful	penny	watch
cold	crazy	inside	staying	thursday	till	used	weather
dark	pussies
bits	fleshy	general	genitals	kinda
afternoon	chilly	cigar	congresscritters	cspanwj	damper	four	rain	tomorrow
feels	music	own	player	playing	restless	scrolling	through	tired
branch	chainsaw	cousin	exact	far	forehead	himself	killed	punched	related
calling	genocide	hypocritical	kettle	pot
awkward	both	face	fine	kiss	long	shouldn	whole
badass	quote	read	sounds	stupid
24hr	7am	churning	mcdonald	near	office	place	smell	stomach	use	walking
ice	spirited
filthy	please	stay
case	downvoted	gotchu	lol
bonesarp	chuckle	disappointment	fakes	pout	starts
believe	bound	dad	disabled	facility	haven	parents	ring	shocking	tomorrow	washing	wheelchair
divisive	projection
bum	crawls	fear	havin	long	spider	ya
bot	crimsonwulfe	especially	real	super	talking
21st	banality	century	cruelest	dullards	evil	gormless	pack	room
fact	half	level	music	pain	real
absolute
calm	relax
aldub62ndweeksary	cheerfulness	early	extremely	morning	obnoxious
avoid	feet	foot	germs	plz	roommate	says	sink	turns
doesnt	problem	removes	solve	strongest	tool
agenda	anytime	force	government	legislatively	pass	precedent	president	set	shut	through
anything	depression	dissociating	else	equals	hunger	probably
amp	bc	dean	ppl	saving	snap
bolted	chinese	disagree	fastest	gotta	heels	mention	nap	run	says	shook	teacher	tv	whoever
clothes	damn	fancy	kid	parent
amexuk	bonus	card	cashback	comes	credit	end	forward	mbna	shame	used
gorgeous
certainly	kind	reeks	scam
determining	funny	hilarity	large	offensive	plays	presentations	propensity	ratio	thoughts
2013	freedom	gotten
bizarre	establishment	food	menus	pictures	rational
deal	eu	fair	grief	staying
sort	wholesome
song	truly
angelina	dead	jolie	keep	mourn
ago	ali_zimmer	long	m_pattison	ninjaworrier	shudder
bunch	consider	magatards	racists	sexists	unless	vaguely	veiled
16	attracted	sure	yearolds
bb18	bitter	hahaha	hating	michelle	nicole
intimidated
accountant	coming	ex	free	lawyer	likes	money	trouble
albums	center	else	fans	poorly	sell	stage	stubborn	vain	worked
against	drives	guards	injury	sixer	struggling	swatted	taller
agree	blind	civil	clause	de	exams	facto	grandfather	jure	literacy	post	racial	racist	usa	voter	war
bill	coming	high	housing	mouth	opinion	taste
advice	blindly	debate	give	obey	probably	question	saying	us
combination	example	outright	perfect	without
brother	came	dad	incel	upset
damn	happy	news	rejoicing	supposed
ha	highlight	saw
curbing	irony	lecturing	pakistan	terrorism	undp_pakistan	unhumanrights	wat	world
anxiety	give	lgm	mets
entry	hidden	influence	main	matchmaking	mmr	mode	paid	reason	requires	used
fra93_bruno	sadden
breaks	goal	heart	shots	six
america	bidets	paper	plumbing	systems	toilet	use
account	obnoxious	possible	twitter
displeasure	pieced	shakespeare
actually	aghh	bacon	dirtiness	smell	soo
handle	removed	wouldnt
humidity	sydney
availablecar	burst	disgraceful	driving	hands	mistakes	moment	round	tyre	wash
bitter	comic	fandom	laureliver	lululemonlime83
mom	responds	sav	tells
mood	place	public	swings	tiring
filthy	peasant	ricefield	weren
bigbosspeltonen	cutting	death	despair	nlikewise
behind	haunt	loves	nit
crying	dealingwithfailure	failure	katherinemansfield	laughing	works
bears	suck
comments	mother	reminds
blue	color	confirmed	keep	royal	scheme	seems	switching	teasing	unofficially	us
already	outlier	statistical
sucks
bit	itself	reasons	sao	setting	sucks	tbh
10	15	ago	china	dumps	garbage	news	piece	read	sea	staggering
apart	families	happy	seeing	sweet	torn
bus	companys	doesnt	employies	excuse	happened	matter	retail	throw	under
chirp	refuse
arrogantly	customers	different	fits	oblivious	story	viewpoint
confused	face	knew	meant	pretended	save
betrayed	everybody	fed	world
alarm	alive	anything	asked	burning	clock	door	fire	flatmate	knocked	morning	ringing	set
aqpk	expected	hilarious	remember
holy	palms	sweaty	uncomfortable
tasted
clumsiest	dude	promotion
better2day	cupidpoetry	kctwinflame	panic	para_priestess	tfunion1111	thru	twinfjournal	twinninglife111	went	yesterday
air	away	comfortable	debtor	ftfy	government	homes	open	prison	slaving	stand	weak
50yrs	another	best	bournemouth	confident	experience	successes	wysdaily
adrenaline	bc	breaths	cairissian	deep	depending	regular	shaking	varies
end	full	mondays	weeks
chase	fame	nchasing	nif	nwhen	nwrdsmth	resent	starts
beckett	death	ghastly	hallucination	instead	may	minus	root	samuel	square	unreliable	zero
fumbles
calm	colt	condescending	psychopath	talks	voice
forgot	please	tell
jokes	lately
awkward	stupidly	wanted
appropriate	doll	finish	seems	sex
23	leave	married
nsfw
actually	believe	bigger	offer	reported	stunned	turd
anus	middle	seed	skins	skip	squish	vomit
instigator	op	racist	situation	violent	worth
canal	fingers	imagine	option	penis	vaginal
drops	fine	map	og	ssd
felt	maybe	track
avoid	feet	foot	germs	plz	roommate	says	sink	turns
20	guarenteed	non	packs
cheap	fucked	lol
hydrating	important	meat	taste
jealous	sometimes
alone	calls	code	grandparents	green	home	isolation	nope	return	skip	telling	test	tests	us
dance	team	therapist	told	unhappy
cali	cause	insta	pics	place	rather	snaps	unbelievably
coffee	drinking	talking	tea	unless
barb	cause	dropped	gotham	main	pine	relationship	stopped	tabitha	watching
apps	events	facebook	interesting	logging	missed	two	without
antifasupporter	bush	giggles	hipocrite	liar	nancypelosi	troublemaker	trump
georgia	hag	suck
birthdays	dread	friday	super
bockaguyjim	generalgoodsman	losers	mchorsefayse	owned	twitter
already	awkward	idk
example	misuse	orwellian	perfect	website
distracted	eating	laughter	mhchat	sadness	shopping	sometimes	times
45	ago	grand	min	problem
angry	atheist	disgusted	god	idea	prefer	religious
boyo	grumpy
despair	ha	lyricconcert	susanbrodigan	yes
behind	break	csnhayes	few	offense	star	understandable	wins	zero
ix_sw	othrcarl	purenift	sadly	smutty
18	20	2016	41	again	cbsthismorning	discourage	edt	fail	profiling	september	terror	trump
house	interest	self	slaves	understandable
lonley	overwhelming	pass	sadness	shall	startingover
amityaffliction	dailyfeels	drive	home	kind
10	1977	car	film	filmmaker	hands	horror	middle	na	road
disgusted	involved	involving	sick	woke	worms
13	butt	defended	drugged	raped
buying	chests	godlike	holding	prefer	skin	until	winner
felt	guilt	playing	rainbow6game	rainbowsixsiege
afraid	blackmen	large	sherrieshepherd	whitepeople
else	level	perception	projection	within	worry
apparently	does	exhausted	exist	god	job	misonorotta	ni	tried	weary
awkward	forget	tomboys
damn	directly	front	page	post
likes	song	young
fascinating
came	charlkboard	found	idea
aggravated	assault	cruel	hook	officer	police	unusual
features	important	internet	missing	pc	phone	using	version	website
amp	body	death	doubles	fooled	hawkings	long	msm	rejoicing	secret	us	xmaseveevil1
architecture	different	form	maybe	narcissusheiyan	oppressive	sixth	stayed	uninteresting
against	anoint	billmaher	islamic	orange	radical	realdonaldtrump	similar	stances	terror	two
bunch	calls	disagreed	individual	tied	together
killed
cat	coyote	eyes	jump	ouch	takes
layers	three
clash	colorful	stuff
clear	posts
da	dat	flag	flags	jbanks88	lbs	lead	league	missed	offense	points	pull	redzone	score	td	took	trips
fear
breeders	confusing	ive	minds
bothers	respond	texts
factory	febreeze	lysol	panic	position	slowly	smells	spray	stuck	suffocating	trash
diversity	fans	felt	humankind	moon	pack	please	truly
does	suck
drink	milk	species
kind
actually	advise	kevincanwaitcbs	wait	watch
ah	yuk
actively	discourage	impact	job	negative	studies	universities
def	distracted	dsj	media	roy	situation
college	excited	exhausted	hopeful	making	pessimist	returner	sick	transition	yearly
afraid	asleep	fml	key	low	might	miss	sleeplessnight	sleepy	yet
anyway	natural	rape	selection
blast	bra	gonna	guys	nips	playing
jackets	many	musty	wore
feeling	hurtful	leave	own	relatives	spew	superior	wanted	words
biscuit	dog
affair	betrayed	caught	cheaters	imo	spouses
arrogance	certain	fine	lose	others	respect
abuses	abusive	become	blameless	grows	kid	pedophile
corrected	stand
decks	dirty	doozy	retired	secret	until
anyone	cause	constantly	else	hates	having	petry	puck	reason	stick	team
bees	butterflies	floated	sting
joke	somersetccc
animal	breaks	coworkers	eating	must	rabid	scare	srry
compassion	destroy	saved	society	trying
comics	done	fellow	gotten	hated	movies	nerds	sex	stories	women
tbh
ceiling	posted	settles	stuff	thinking	tiles
af	didnt	does	hmm	posted
brooklyn	definitely	dude	wtf
context	horribly	taken
both	cases	japan	many	stay	topic
briardpup	dogworldnews	fur	pal	shocking	wrong
ampalaya	anniversary	bitter	happy	paitpaitanangpeg	tell
bottom	pic	ughhh
200	claim	demand	during	free	guangzhou	home	landlords	quarantine	refuse	rent	stay	supplies	waive	yuan
disgusted	utterly
bitter
chicks	dude	goober	stars
hesitate	past	running	through	walk
bit	disgust	little	myself	point	scared	simmering
actually	bleach	fair	few	songs
above	already	coffee	cream	drinks	liquids
chase	clear	cry	door	expecting	fear	fool	indoor	na	nam	nbut	open	path	rat	seems	silent	voice	weak	wise
heyday	looking	mickeyrourkefp	thenotoriousmma
sounds
15	having	sex
comfortable	during	nap	night	sleeping
grieve	idgi	insensitive	whenever
absolutely	dreadful	fighting	home	roll	wonder	wrong
byekandace	cheer	jigaboo
10	bald	chimpanzee	choked	dark	imgur	naked	nearly	picture	showed	washed
bigoted
clown	guardian	guardianaus	might	president	probability	realistic	uspol
brat	croissant	crumbs	eat	happened	mom	rude	saw	snobby	snot	subway
actual	cheating	subreddit
ad	big	chested	childhood	cover	double	drunk	implying	meaning	model	pose	problematic	slogan	suggestive
first	kay	sail	ship	sub	successful	sunk	tell	working
another	child	everyday	father	keithlamontscott	media	scroll	social	taken	through	wake
dance	dancing	own	rip	song
kkk	racism	sheet	talking
amusement	does	kill	vertebrates
arcdental	chewing	fordays14	turlock
description	gagging	must	provided	reeks	smell	tweet
burning	medicine
btc	coin	shite
certainly	explain
bc	close	reason	state	vancouver	wa
india
abuse	child	decent	force	kid	parent	science	starve	understand
dumpster	fast	leg	lose	lucky	ouch	tagged
characteristics	takes
70	bunch	buy	movies	moviestvnetwork
anyway	care	exposed	media	social
garbage	issue	use	word
comment	killed	pieces	rip
serious
palm	phone	post	pre	running	webos
despise
dont	feet	smelly	tbh
drink	hey	maybe	try	urine
effective
huns	rangers	spend	talking	threads
big	guts	horror	killed	movie	spider	sprayed
abused
garbage	post
despair	driver	patblanchfield	uber
ain	boy	creeps	gives	scotland	yessir
believe	charged	clench	eww	samples	stomach
beaten	branded	campaign	either	energy	establishment	george	low	others	son	thehill	trump	unhappy
grieve	legally	wasn	yet
acknowledges	bible	gods	kind	miss	reasons	selfish
bible	hears	verses
animals	aware	beautiful	cruel	emotion	having	heart	humans	hurt
eyes
eating	leather	processing	sent	skin	steadi_lady	tannery
destroying	future	home	process	robots	thats	trying	whole
arbitrary	council	fits	hikes	localities	said	size	state	test	turned	yet
either	ignorant	initially	mistake	moneyjay901	pic	race	said	tell	took
cant	flavored	mint	stand	toothpaste
alex	alright	blast	boy	music	neighbors	party
afc	flex	less	often	won
almost	brushing	darn	gone	lord	near	vomiting
assault	definitions	multiple	penetrated	rape	sexual	shown	understanding	wrong
ads	brand	buy	coconut	doing	keep	palm	understood	without
genocide	indian	mark	mention	pak	planned	speech	terrorism	zaidzamanhamid
away	didnt	internship	liked	mostly	report	shooed	short
bigger	eat	expensive	female	loves	rather	slim	stk	tiff
definitely	gotten	hatred	revealed
stinks	wich
chipper	hamburger	kind	making	needs	plain	sack	sent	through	wood
floors	paneling
_iconceitedone_	bill	features	hi	keeps	plan	roberts	unhappy	unique
huff	xblademania
aren	citizens	elected	first	interests	naturally	officials	votes
believe	comment	cut	final
anime	blatant	fulfillment	garbage	genre	insert	isekai	pandering	self	wish
gotten
grandma	mom	protected	wished
23	coworker	daughter	loss	mourn	saddest	seeing	wife
abysmal	accept	evidence	less	level
2005	gives	memories
awardsdaily	handle	murder	shudder	tate
depress	tbh
arm	guys	hand	head	liking	possibly	second	trajectory
dare	disrespect	reijka92
car	current	gone	grim	hopefully	might	milk	radiox	stinks	tomorrow	win
addictive	burn	decent	tobacco	weed
fuckin	men
call	complain	fear	ill	lawyers	legislator	mannered	politicians	public	servants	tend
comment	imagine	ok	post	shame	thinking
faze	sexual	tension
cjjjjjjjj	yesssss
bringing	ibra	mourinho	panic	rushford	worried
early	exactly
difference	games	having	veteran
arms	guess	idea	open	possibility	selling
brother	phone	shower	smell	through
speculation	yikes
affliction	al	amaity	de	ir	joaquinputoamo	vas
crying	flashbacks	funny	gives	mom	record	used
cleaning	discharge	self
2am	ago	awhile	choices	cold	dark	friend	movie	night	request	watched
affliction	ctv_powerplay	disease	each	grandmother	horrid	lraitt	maternal	sisters	suffered
laziest	team
daily	donaldjtrumpjr	kayleighmcenany	keep	offer	sacrifice	safe
both	extremes	hear	kind	loud	scary	sides	totally	yah
bushes	eastern	knew	ridiculous	suburbs	trim
harder	kids	partner
accidentlyspillbeeronthecarpet	carpet	cleaning	leave	rule	worsethananatomicbomb
allergies	car	care	forced	messy	shouldn	suffer
brendonati	convinced	done	might	panicatthedisco	post	videos
naked	seemed	together	toxic	trait	yawn
04	custom	jerseys	madden	ones	tried	whack
mind
came	leave
areas	care	clothes	dismay	esanderc	mother	mrsfridaynext	specific
movies	seriously	watched
box	china	corrupt	dada	extradition	guanxi	idea	jt	might	murky	pandora	toad	turn	vanre	vs	whole
avg	costly	fee	interesting	irritate	low	mickyrivera29	others	talent	top	transfer
circumcision	foreskin	involving	sort	trust
asked	bully	joshgad	mute	said	saying	son	three	trump	yes
atlanta	car	crash	dads	died	favorite	fiery	rappers	throwback	top
bald	leaves	papaoutai
induce	may	mine	multitasking	restless	seeds	sleep
drake	drink	gets	morning	start
agree	brutal	content	responses	thread	unfortunate
company	control	disgusted	happen	hilton	hotels	ounce	outside
favourite	highlighter	hit	pan	ur
deceived	distrust	shameful
disputed	india	invade	invitadated	land	own	pakistan	pok	sardesairajdeep	terrorstatepak	times	worry
dirt	underneath
happen	ignorance
abuse	bastion	op	super	tbh
phew
anyway	im	seattle
act	cares	everything	opinion	profit	public	selfishness	staggering
enough	info	lindafrum	lovers	low	point	sadly	selfie	voted
away	centrism	started	wishhhh
escaping	growl	low	unknownandyoung
dream	pipe	talking	thinks	worth
leave	slob	sounds
thanks
absolutely	colorado	dated	immune	springs	steamboat	steel	system	used
brown	care	keep	security	supporters	told
birth	given	prey	women
combined	describing	evil	ill	images	incomprehensible	monster	physically	seeing	through
animals	beginning	hated	religion	treated
money	wanna
came	character	moment	picture	racist	whole
exploitation	porn	women
agree	does	general	gotta	lil	loves	music	perspective	pump	suck
christy_rtr	despondent	doge_e_fresh
bernards	buzzfeed	cujo	fear	forget	simonschuster	st	stephenking
childish	host	hurts	physically	sarcasm	sense	superiority
cut	miss	open	possibly	reason	recovering	spending	weeks
bellaissocute	cray	empire	lady	scared
crayons	eat
wack
damn
favorite	insult
accounting	environment
administration	cut	fetal	hiv	misleading	programs	specifically	stuff	sucks	tissue	title	using
phone	picked	shocking
accidentally	attention	caused	dinohyogi	explosion	hakyeon	happily	jaehwan	perching	shoulder	sulk	takes	tiny	wonshik
anyone	apparently	needed	rape	sex
football	league	managers	selection	start
1749485	cut	helped	learned	lmao	medical	school	soap	times	ton
bar	developed	owner	pedo	ring	sports	team	tenure	under
badly	term
bag	depressive	episodes	exercise	manic	mixed	night	reading
abt	amp	controlled	development	incredible	laughter	nawaz	pak	pakistan	said	sharif	talked	terrorism	victim
away	dreadful	gave
799	moonwolf1	taken
behaving	canada	little	pick	shamefully	slack	try	us
bars	darthvader	inhaler	ni	puff	rap	rapper	sick	yo
burst	crying	randomly	together
poetry
breezy	days	forgot	halfway	longday	mombrain	realize	toomuchgoingon	underwear
against	church	definitively	evolution	insofar	ruled
cause	im	ive	lol	naynay_whores	saturday	super	sure
balls	hurt	kick
goes	power	shower
odd	princess	story	toad
grounded	once	punishment	reading
derogatory	term
act	bless	end	ex	horrendous	horrific	lived	perpetuating	sounds
act	although	calling	context	deeper	definitely	matters	misogyny	rooted
stresses
distilled	doxxed	hatred	lifesite	news	pure	website
finds	somebody	wife
filthiest	menus	restaurant	touch
abhorrent	behavior	came	come	debate	excuse
bull	deserves	doing	kill	knowing	matter
anything	besides	fans	fucked	implying	packers	siblings
bored	fat	full	galore	overweight	ridiculously	rolls
65	american	intervation	lost	porkistan	punjabified	stopped	terribly
animal	creature	cruelty	poor
best	comparison	crowder	maybe	potential
inside
afghan	bode	certainly	does	girls	option	statedept
dealerships	working
bet	jar	mayo	open	smells	summer	week
ravenclaw	sadness	shouldhavebeenhufflepuff	thecatcampbell
buddha	donors	earns	grants	joke	maybe	merit
buy	idea	relationship	try
cuddle	law	sister	tired	wife
holy
boy	factor	leader	limiting	paid	raped	silence	young
bit	exactly	odd	plan
head	own	place	quotes	sometimes	thinktoomuch	worstenemy
application	bullshit	deloitte	wasn
futuristic	gibberman10	jersey	mlb	remember	scotthoward42	tried
capitulate	condescension	shame	spell	wrong
bye	cheerfully	cohends	garbage	yell
cruel	dude
ashamed	blasphemy	human	level	putting	sacrilegious	spreading
bottle	nalgene	plastic	switched	taste
awkward	myself	nconclusion	nme	ornot	picture	pictureday2016	smile	smiling	stop	taking
civilians	directly	targeted
carlymarierozy	children	makeupsue	making	own	terror	vulnerable
bring	despair	die	doubt	dust	enemies	fear	ground	slowly	turn	us	worry
blaine	close	continue	dead	glee	honevbee	mug	shots
bokunogio	history	major	momma	sopranos	tony
actual	anyone	friend	narcissist	raging	writer
cause	god	knows	lbvfs	lord	sick	sink	stomach	sue	thank	walked	wanted	warned
carpet	karenl109	replace	shocking
funky	town
shame
garbage	total
everything	explode	inevitably	must	script	understand
schade	vivaonline
coming	filthy	home	house	isnt	mess	problem	serious	twitter
disgusted	harsh
ain	cause	nobody	school	stayed
define	existence	ha
another	awesome	behalf	native	non	offended	paternalism	robertb_rice	saidnondnever	world
gets	horny	incognito	opens	secretly	sub	tab
hungry	money
deutschland	rotten
sandals	sets	socks
whoa
bullet	case	dodged	psychopathic	scenario
5v3
basically	beer	garbage	jerseys	public	religion	sports
fancy	fundraisers	hillary	started	won
nope	weirdo
catacombs	madman	melancholy	morgue	quickly	rue	wandered
dread	math
anthonyweiner	distraction	election	gascrisis2016	nodapl	race	rape	riots	selection	syria	terrorism
away	grade	shooting	sounds	synagogue	yikes
continue	drive	point	thinking	weirdo
driving	following	home	pants	paranoid	pooed	yikes
mcauley_ross	rojo
dangerous	hand	ride	scooter	try
bringing	giants
amp	appealing	between	courting	deception	difference	katheartwell	pressure	vs	women
burps	carbonated	gives	half	point	talking	wet
nice
president
cared	sunglasses	until
advice	ashamed	posting	read
music	scene	without
lame	uncomfortably
ew	photo	slut	text	touching
felt	maybe	track
agreed	endgame	pick	rumors
hatred	pure	unadulterated
baby	complete	cuz	guilty	insomniacs	sleep	sociopath
ain	eats	lying	tacos
entries	horrific	quietly	reams
14	49	anymore	birmingham	carriages	commute	dobetter	friday	hereford	londonmidland	room	stand	two	unhappy
9th	city	country	group	guess	largest	together
ahyuck	baseball	basketball	football	night	probably	ya
nobody	stupid	wants
alternate	between	full	insomnia	nights	seem	sleep	sleepless	tonight
fewer	gotten	hollywood	horror	offerings
civilized	country	important	questions	shithole
autistic	fear	immense	meltdowns	sounds	triggered	vomiting
accent	apparently	scottish	supposed
amp	behold	creeps	datelinenbc	gives	shudder	sight	smell	sound
seriously
bird	box	direct	dirty	movie	saw	streaming
horrid	outfits	past	season	yea
issues	vpn	winnipeg
family	haha	murder	tries	twist
kid	murder	sense	tries
fear	jury	peers	trial
20	dumped	ex	gave	herpies	herself	killed
model	snap	welfarereform
407	another	difficulty	gave	line	maybe	playing	quest
boi	bullied	minnesota	soft
concussions	damn	sucks	surprised
celebrity	cheap	feels	internet	iq	itself	low	means	shameless	vulgar	word
advocates	believing	communism	head	kicked	private	property	society	stateless
different
hideous
barroso	between	eu_commission	goldman	inflicted	irishtimesbiz	itdominiccoyle	problem	self	serious
forgot	overnight	phone	plug
act	anything	believe	expect	motions	moving	shouting	slogans	through	truly
believes	clearly	horrifying	kidnapped	prostitutes	raped	society
ccm	days	gloomy	listen	mc	mode	nbogum	nchurch	often	oppa	song	spiritual
gym	half	knowing	morning
blocked	constructive	criticism	gave	give	heather	laura	lazy	mcdermo11	retire	rogerc32
count	dream	heard	high	maybe	midichlorian	weirdest
grossest	toenails
amarnathterrorattack	amitshahoffice	arunjaitley	care	fr	lv	narendramodi	officeofrg	opstn	politicl	ppl	prties	whn
fuckin	sucks
depression	flakejay	ring
dirty	disgusts	liquor	malt	men	needs	pos	wifebeaters
barrel	bottom	hangs	president
character	deduced	hairstyle	hated	lidong	show	umbrella	yes	zhao
article
boring	both	probably	secondly
arrive	end	guns	police	seem	situation
anymore	em	hes	scared
bubble	burst	finding	gay	kindadontmind	kylexy	married	nochance	thatmoment	watching	worstcelebritycooks
future	kid	killer	serial
chic_happens_	comparisons	dread	followers	guarantee	happens	lose	máxima	queen	royalmusing	sean_okeeffe1
bentleysystems	configurations	despair	done	hast	thou	thy
cats	deserve	pets	repulsive
hear	trash	version
condition	dad	however	sweater	wears
around	does	hips	pencil	sense	skirt	slit	swishy	tight
depression	exposing	helping	judging	shouldn
clearly	practice	wednesday
believe	disappointing	drugs	involved	mother	quite	response	wasn
own	women
borderline	cultural	depth	lacking	vulgar
already	antwaarps	generation	integrated	scarf	second	speaking	unlikely	wearing
actually	allergy	ants	bro	fire
ashamed	banging	excuses	sales	yourself
declined	honoring	multiple	nomination	primary	ran	senate	times
bullshit	components	included	laws	reloading	stand	subsequent
cant
bit	creep
drunk	obnoxious
glory	gruesome	kills
asking	buddy	hand	knowing	phone	says	send	text	ur
apples	covered	lovely	mold	oranges	rotten	shiny
decent	gonna	haydel	icing	randazzo	ships
believe	tlj
boiling	burns	food	gets	hot	hour	later	mind	myself	nme	sick	spills	water
come	cunt	defending	deformed	disingenuous	droves	masculinity	neckbeards	undeveloped
dark	god	jeezus	macmacm43
head	malevolent	spinnin
lost
amp	charlotte	cnn	donlemon	must	ovet	protests	rejoicing
account	apple	cellular	come	consumer	customers	iphone	mad	mine	set	use	using
another	farting	shower
100	real	says	seriously
brutal	piece
gone	possible	route
fail	fearing	fury	lost
anyone	forced	prison
classic	disease	foreign	scary	spreading	talking	trope	vile	xenophobic
combination	continuing	defense	god	lapses	pp	sabres	saga
beguile	castorated	children	filthy	gonna	pedophilic	scum	trying
disliked	first	liked
haked	half	pictures	reminds	sayings	vague
many	shook
ambulance	blood	called	cops	covered	disoriented	seeing	wondering
antisocial	goingcrazy	helpme	im	insane	pileup
awkward	timid
both	excuses	lifecoach	regret
