anything	hair	hear	pounding	press	soothing	start	whisper
bags	dont	large	plastic
ain	damn	playing	regrets	series
anxious	feelings	kid	okay	told	upset	validating
bout	cool	dreamt	haunting	talking	write
shudder	stephtikkanen	true
arms	edward
already	appears	country	government	jimmy_dore	lost	oligarchs	raisingtheboss	tactics
basket	boys	elated	hole	older	peeping	pics	poor	toddler
slaughter	turned	wheel
lifehacks	mindset	news	philosophy	pleasert	problemsolving	source	thoughtsbecomethings
damage	either	grow	macabre	ridiculously	yet
combined	crap	delay	easier	ending	letters	looking	slight	threw	whiteboard	writing
elbow	jacket	once	roadrash
direct	easily	guy	kill	petite	punch	size	woman
paranoia	races
crappy	middle	phone	picking	sex	thinking	voted
_hallospaceboy_	aren	chance	dailygrindhouse	diverse	fan	give	respect	second
battlefront
atrocious	hes	pick	tape	third	tho	worth
swerve
bleed	blood	ck	damage	deny	feat	peacekeeper	thick
embarrassed
bizarre	bonus	frightening	infamous	introduction	truly	video
meat	piece	sort	suctioned	swallowed
adjusted	analyze	died	inner	inside	noise	obsess	turn
cause	experience	welcome
anxietyproblems	butterflies	goes
advertised	came	fans	hawks	hoping	wrong
behind	instinct	intentional
flinch	halliejackson	keirsimmons	legit	nbcnews	seems	truth
happens	scares	tbh
bhagwanuvach	delhi_lawyer	escalate	film	hype	knows	ploy	report	sad	shivaroor	tension	unverified
crestwood	hell
cringe	found	hilarious	ru	sick	watching
murder
fell	undone
blinders	lost
comes	defensemen	send
disappeared	features	lacing	momentarily	ran	solemnity	x_kimtaehyung_x
beyond	internship	interview	medical	unreal
noise	odd	thap
eating	regrets	tasted	use
charger	clue	lost
guac
disappear	men	pregnant	weaker	women	won
buried	dirt	flashing	light	red	under
bench	worrying
arm	blank	dull	morning	painkillers	throbbing	took	waking	yesterday
30	killing	stared	unbearable	yesterday
asked	believed	bent	between	contractions	despite	difficult	dying	epiduralist	extremely	logic	minimum	motion	repeat	veikko
escaping	food	fresh
faith	god	promise	spiritu	theanswer
ate	died	encephalitis	fell	grandmother	ill	layman	past	suffering	summer	terms
freaked	hell	uncle
enough
loved
india
absolute	anyone	chip	completely	everyone	extremely	making	marginalize
light	normal	spot
edgy	oooh
basically	cries	doesn	hugs	scariest	scenes	twd
jfnsnzmz
case
alien	deamon	gross	picture
buried	goes
doesn	suppose
blood	icewater	turned	veins
fuck	girls	growing
between	buzzing	dance	fact	flies	fun	million	sand	toes
chest	days	hurt	lungs	straight
already	happy	helping	thousands
done	pockets	realised
commercial	hearing	making	screams	suddenly	themed	twitch	watch
approved	arms	bats	doubt	groot	list	mlb	politics
attack	tonight
talking	thinking	wanna
tomorrow
laying	reason	restless
hug
seem
alive	kept
enough	flat	hours	nap	nice	remainder	rested	several	took
brief	mind	moment	racing
business	calling	employment	fails	himself	qualifies
clear	mind	muscles	order	relax
february	march	release
lonely
jumps	window
deep	freaky	kinda	struck
aware	began	fact	flaring	freak	fully	hardest	home	once	situation	spine	while	zone
foul	plz
ailments
ahs	americanhorrorstory	enjoying	thoroughly	tonight
acknowledgement	note	silence	thank	total	weirdest	worse
30	aged	background	redundant	shy	stress	suffered
comment	deja	reading	vu
brutal	while	win	worth
horribly	kick	wrong
disagreed	pf	sf	wcj
balcony	games	hitman	jumping	literally	moves	pulling	thats	yo
gotta	place	safe	somehow	stay
hurting
reminds	tragedy
accident	annoy	car	drivers	highway	needed	nervously	opportunity	parking	pull	sitting	speed	waiting
bumper	car	finding	forward	front	funny	laughed	nice	pull	realized	shins	slammed	slowly	sonic	throwing	trash	under
tbt	twinkie
advice	process	thank
both	each	evening	interacting	normal	trashy	ugh
ads	break	commercial	missing	repeated	thank
99	friends	girls	intimidating	possible
fast	huge	isis	lasted	shit	taliban	wayyyyy
horribly	intriguing
hopeful
obsessing
fml	help	winning
french	fries	places	wrong
attacks	close	definitely	dentist
2017	anniversary	bbcnews	europe	own	spread	start	wrote	ww1	ww3
corruptmelon
barn	corpses
characters	disney	gloves	horrifying	yes
aching	growth	leaves	sore	spurt
play	word
box	especially	force	grinning	natural	open	sketchy	unknown	while
camera	flashed	gonna
live
arch	progression
attacks	fun	remotely	takes
air	breath	mouth	moving	positioned
compute	wanted
000	28	across	age	arms	audience	crowd	deep	entire	hair	holding	lighters	lighting	noticed	raise	rock	spread	tradition	witnessed
regardless	wrong
ball	didnt
anyone	chances	except	once	playoffs	rather	series	tampa	winning
outlive
babylonian	convinced	episode	four	gave	killgrave	literal	mom	nightmares	watch	watched
married
abortions	endure	grim	necessary	wish	woman
bc	dil	ground	involving	jnmil	meat	mil	revenge	sabotage	yes
advice	congratulates	doing	entirely	wrong
attacking	attention	city	empire	score	settle
done	edgy	kid	since
jeff
death	lack	okay	pms	remind	support	threats
depress	jdegrom19	mets
af	since	young
agonized	blood	collapse	cringe	joints	loose	meat	muscles	pile	spastically	writhing
blinked	deny	few	fought	seeing
predated	starred	vpr	watched
attacks	coventry	solutions	specialise	touch
attention	cantsleep
address	focal	lie	needs	points	un	violentextremism	war
disco
club	madrid	opponents
10	abandon	crash	horrors	oylmpics	reminiscent	rio	route	stage	weather
dont
bag	body	building	came	chicago	creepiest	doors	gunshot	number	theough	victims
deep	driven	ear	ground	happy	keeps	part	rooted	whispering
deffo	missing	wanna
animals	fears	mean	regular	seen	sized	stuffed	super
50	age	become	deatheaters	destined	maggyvaneijk	rest
came	destroy	destroyed	easily	great	humanity	strength	together	wholeworld
bare	handle	help	smiles	trust
ears	echoed	voice
afternoon	came	tuesday
capita	emissions	huh	justify	per	seem	ways
ask	hypothetical	odd	question	seems
already	belly	firm	tired	xd
avoiding	cops	didnt	doesnt	honest	mother	own	question	realize	talk
2005
appalled	case
cringe	fbi	happened	investigation	knights	proved	white
anyways	apologized	errands	everywhere	guys	hav	rly	start	uber	wanted
cooking	future	ideas	references	write
fly
antisocial	goingcrazy	helpme	insane	pileup
guys	hall	kid	looking	watch
anymore
classmate	late	mark	passed
agent	arrested	balochistan	forces	india	indian	kulbhushanyadav	pakistani	sponsoring	spy
caballero	shocking
definitely	deserve	doing	glad	hear	ok
fearing	sphiwememela
awkward	chrissycostanza	social	wrong
frames	legs	replaying	shut	squeeze	tighten	toes	witnessed
awaken	nawaz	role	sharif	speech	sponsoring	start	un	unga	world	_	_	
based	cars	tired	wheels
bright	flashing	goes	light	suddenly	white
apparently	twin
dude	pissed	shoes
horribly	inconsistent
anxious	district	haizhu	lockdown	near	parts	reopened
above	paddling	seem	water	worth
idea
across	backs	legs	sharp	stinging	stripe
camouflage	contrast	defined	failed	horribly	shapes	ships	stand	type
shitless
immediately	nerves	race	usually	wreck
awkward	glues	kinda	lunch	mouth	shut	sometimes
blew	clav	essentially	left
excited	existed	fluid	folks	hurts	lady	regardless	since	sinuses	suffering	towels	weekend
ask	wooshing
season	terrors
cringey	ehhh	kind	stuff	talk
honestly	stuff	wanna
flair	reading
eventually
across	arms	chest	hoping	nodded	obscured	pulling	rain	ran
echoes	excited	feelsick	gathering	momentum	officialshaky	operation	tense
door	jumped	landed	moving	opened	vehicle
course	decision	immediately	linzi	mouth	putting	questioned
damn	dro	fine	insecure
assign	blackmail	emotional	refuse	such	tasks	teachers	unsafe
delay	duck	entire	giggle	kept	lady	nervously	noise	procedure	stuck	suction	tongue
adapting	dont	excited	studying
didnt	handle	honestly
american	dead	gusta	te	torrebe	walking
basket	fell	laundry	light	switch	tripped	turning	walked
echoed	silence
greatful	stories
accident	cognition	dying	illness	losing	random	slowly	tbh
nt	rattling	shits
worse
black	gloves	mask	ski	worse
definitely	hoping	noise	statistical	worrying
finally	haunt	management	starting
bike	burned	exhaust	frightening	joyously	leg	ride
16	adderall	attack
45	anthem	hour	min	rush	scottsdale	traffic
finally
bed	doorhandles	nothing	pillow
100	agree	concern	marshall	rather	rested	seanlthewriter
brexiter	concern	fact	lose	referendum	remain	second
cream	fever	guangzhou	hemorrhoid	ibuprofen	ignorance	medicine	montmorillonite	pharmacies	sold	suffering
chills	planning	sent	spine	world
separation	serious
throw	withholding
action	arunjaitley	immediately	innocent	otherwise	pls
alert	city	everybody	fresh	maharashtra	mumbai	news	praying	safety	security	sounding	threat	wake
3k	mess	skills
asap	live	post	threats	whoa
nerve	racking	talk
yikes
live	refuse	sotoventures
children	dog	lions	wouldn
looking	uncomfortable
dread	eyeballs	gaze	holds	rips	screams	unfurls	whispers
goddamn	invested	ship	twits	watching
behind	ear	muscles
oof
hit
housing	includes	subsidized
okay	starting
10	breathing	looking	painful	tense	yikes
begged	below	pleaded	unburied	voice
arrested	sub	talk
attention	draw	flew	flying	himself	inches	kept	knee	landed
fun	wish	worst	wouldn
buggazing	dunsscottus	faithnguns	garriott	ghastly	none	owen	patriot_musket	peeps	told	yep
cars	danger	diabolic	dude	grave	interested	luring	men	predator	purposes	sports	thats	young
20	atm	coins	decided	eye	figure	note	open	pound	realized	yet
110	12320	12345	14	changing	code	days	haizhu	home	hotlines	hours	housing	job	kept	locked	nearly	quarantine	reach	red	refused	storeroom	stranded	streets	subdistrict	three	toilet	wandering
basically	clearly	employment	job	met	morning	specialist	told	unlikely
3am	read	took	useallthehotwatershower	woke
beware	danbloom1	fury	king	weak
hole
body	dismisses	fit	millennials	required	says
passion	wanna
hour	move
both
cringy	incredibly
party	pull	small
already	bloody	gothic	halloween	halloweenhorrornights	music	nyou	talks
driver	hole	stuck	walked	window
anxious	bodyfit67	coco_wms	cparks777	election	fearful	hmiglino	politicususa	truthequalsfact
braces	concern	fingers	may	push	sore	yes
makeup	men	nothing	threaten	wear	women
accidentally	burning	cat	evenmoreblind	ok	screeching	scrubbed	whilst
badly
either	jerk	pied	xd
behind	either	nothing
ball	stress	walking
dawn	door	kept	lights	locked	movies	watched
adviser	court	eu	european	hamas	list	lka	taken	tamil	tigers	top	union
atrocious	bb	gunna	half	hate	iq	pass	play	shoot	steps	watching
help	immediately
boudicarides	clintonmafia	congress	exactly	isn	realkingrobbo	took
dropback	games	nearly	pressured	sacked	season	sense
hop	shuffle
governments	reporters	shouldn
follows	freaky	super	watching
sometimes
blairwitch	blairwitchmovie	blairwitchproject	horrormovies
illness	mental	used
kids
assuming	happened	miss	mother	single	using
pounding	recovery	walked
contracts	riskier
anything	checking	series	written
awful	money	waste
curious	eventually	faded	leaving	liked	shitless
happens	honestly
glass	kind	moving	pants	pee	recorded	shard	video	wish
best	joeyskawaii	number	physiatrists	seriously
close	grunt	knees	knew
anxietyproblems	butterflies	goes
horrifying	painlessly
disaster
34	disappointing	greatest	mother
blink	entire	eye	pass	summer
animosity	crossed	decide	fingers	give	lindastein1	mcdanno	resentment	return	writers
ankle	bumpers	cement	curb	folded	half	raised	truck	walking
deep	familiar	streets	walk
bears	big	black	brown	cats	nah	ones	scaredy
15	20	addition	boy	daunting	fiction	luck	pages	paper	research	semester	wish
shot	tetanus
almost	exactly	found	pcp	problems	shoulder	thinking
leg	tired
already	comments	facebook	nude
bagged	beneath	crouching	hung	low	shoulders	suddenly
brutal	swear	yet
dr	god	kid	loves
burning	choking
hit	stench
activates	calm	decided	phone	thats
heard	news
unreal
light	noise	pound	skull
3000	best	female	friend	lives	met	miles	omegle
instinct	lacie	reason	talking	telling	twisted
60	dems	filibustered	force	votes
anxious	chogministries	haddon	jesusisthesubject	masters	robinson	worries
ankle	awoke	bright	glow	however	killed	moved	totally
backpedal	kid	street
exploration	explore	grab	quests	reward	zones
anything	refs	weren	yea
indeed	jarring	mask	wearing
bunch	hell	scares	sick	students	teacher
behind	log
adrenaline	ancient	awake	behind	boost	cavemen	computer	corner	darkness	drawers	everybody	figure	floortiles	foot	heading	hiding	hunt	moving	ran	rodent	small	towards	under
missing	nazi	soldiers
open
aha	audience	elements	gloss	key	target	wider
200	ache	arms	came	continued	nothing
cheeks	stroll	threw
cruel	deal	gosh	handled	kids
concerned	conservative	fellow	hey	seem
cry	fashioned	induced	living	mm	nothing
insecure	tbh
alone	autumn	club	collective	goes	hunt	hunting	opening	prior	season	together
backwards	bumped	fell	knobs	middle	placed	second	shelf	sister	top	walking	wall	whatever
crackling	ears	headache	hurts
abruptly	crazy	paralysis	shock	state	woke
divorce	feelings	forward	loss	overwhelming	pushing	sometimes
cat	drops	intro
bulbs	direction	length	sights
hid	literally	self
cringe	fail	moist	panties	saying	woman
chrishudson76	course	excited	leadership	mbrandreth	potential	proud	rjah_nhs
enjoy	enough	isn	popcorn
40	curtis	dr	effective	eft	learned	psychiatrist	single	steele	stress	therapist	tool
damn	enjoyable	generally	stuff	supernatural	thriller	type	watched
odd
dannewton1978	kingerpag	lct1975	russian906	suspicion
change	england	massive	mild	storm	week
desert	finally	heat	landscape	opened	searing	white
gathering	help	magpies	swooped
arm	bruised	minute	sore	swollen	within
god	rough
defeated	finally	screaming	sobbing
curtisjobling	excited	haunt	indeed	masses	sorted	students	yes
fighting	war
5th	ceiling	classroom	crack	crying	debris	downstairs	flapped	fled	friend	gansu	gave	grabbed	legs	lost	loud	months	nearly	noises	quake	ran	rush	stranger	strongly
anyone	else	guy	making	noise	own	police	visit
cause	closed	entire	flush	glass
death	freaked	god	mommagrendel
restless
absolutely	entire	god	idea	toddler	trapped	wow
cozy	freezing	super	wash	water	weather
911	call	emergency	number	reason
late
sub
above	evidently	feels	hillaryclinton	norms	nothing	realdonaldtrump	return	show	tax
anxious	hahahahahahahahaha	mad	slowly
entire	franchise	leader	leaders	lockerroom	qb	set	tone
evening	hoys	hoystweet	pre	purchased	saturday	sent	show	soon	tickets
angel
dulls
air	cab	car	coupled	deafeningly	ears	rotors	sound	stunning
close	fit	handlebars	late	realized	turn
arts	easily	flung	place	school	spells	weaponizable
cried	disturbance	force	great	millions	silenced	suddenly	voices
cant	damage	eye	inspect	lip	raise
bed	boonies	flicker	glanced	lived	ready	red	window
asking	celebrities	concessions	crime	despair	film	invest	shortsightedness
idea
afronewtzz	broken	car	hahahah	lemme	quickly	rearrange
air	alarm	attack	false	inbound	raid	the_east_end
de	happily	learning	live	mentalhealth	michel	montaigne	philosophy	psychology	quote	wisdom	wisewords
balls	looking	shrunk
cat	edmonds	future	gbbo	lost	noel	plot	reckons	stressed	talking	thejeremyvine	uncertainty
drawing	nice
left	mcds	phone
considering	rambling	start	thanks
15
determined	invent	themselves
math	second
cries	cup	kids	liver	milk	steamed	warm	watching	weeps
audible	days
later	paralysis	perhaps	rid	sometime	wake
bed	big	bunch	disgustingly	dream	eat	involved	large	leg	pot	pots	told	worms
bake	gbbo	match	ntfcvmufc	phone	stressed	tv
cold
interview	job	luck	samheughan	send	tomorrow
already	bonus	holy	shit
100	friday	front	nspeaking	wear
approached	edge	hops	prep	took
broke	dating	girl	while
anymore	combat	play	reason
nightmares	seriously	stuff
cats	couch	friend	jumped	lil	nice	pat	reddit	talking
faith	rely	step
connection	push
boy	vivalasergio
petrified
hill	home	school	walking
brings	change	fighting	forgiveness	show
happen	older	spend	worrying
content	tone
scene	traumatized	watched
fact	fun
changed	decision	panicked	pleased
days	fog	rid	seem	sitting	top
badly	balls	barely	hurt	walk
fully	light	sat	turn	watching	woke
change	confidence	db	destroys	esteem	self
canada	contagious	defense	infect	infection	mail	mass	miles	repeats	strict	thousands	traveled	wuhan
better	clinic	dear	eyedrops	hell	hurts	pals	prescription	walk
doing	ferriss	hustle	inspired	inspiring	motivation	success	tim	usually
8th	bears	bought	grade	jacket	jealous	pullover	starter
omg	wreck
gets	storm	worse
dinner	open	relationship	woman
buddy	may	wooooshed
bipolar	fibromyalgia	lately	mental	overwhelmed	state
argh	between	big	blinds	buzz	buzzing	evil	halp	wasp	window
except	fall	unconscious
girl	intimidated	school
arms	breath	held	mine	mouth	pounded	pulled	slammed
bathroom	hallucinating	stall	thrashing
confused	drops	liked	lockdowns	lost	notice	suddenly	tense	vanished
aim	fields	fooling	looking	shoot
results	totally	upcoming
meltdown
boy	wrong
30s	exhausted	late	otherwise	stand	thank	unhappy	yourself
activists	baloch	demanding	demonstrations	exporting	headquarters	hold	india	indian	outside	pak	several	un
although	boyfriend	imaginary	keeps	kinda	kinky	may	wink
attacks	sick	worst
dont
democracy	extremely	mindsets
bloodshot	days	eye	stayed	washed
pile
close
afflicted	atheist	born	everyone	gets	parents	religion	usually	via
cop	shows
helps	test
2016	banging	campus	clown	dorm	knife	windows
yuuuuuuuuuup
burying	disease	helping	manifest	medicating	note	self
chased	film	halloween	original	scariest	seen
curse	island	oak
behaviour	chose	due	holiday	however	issues	perth	stay	understand	violent
burning	unshed
option	preferred	seems	undoubtedly
agent	alive	guess	however	inauthentic	loves	sister	socialanxiety	wasn
abduction	became	etc	fascinated	files	fixated	stories
normal
cheek	dramatic	fatigue	flesh	raised	tender	touched
bottom	burning	cried	foot	front	literally	practically	snow	wind
bone	mouth	pulled	shard
caused	disagreed	faint	pizza
fears	single
necessary	weren	wish	yes
came	fairly	known	slowed	speed	town	trap
alone	thanks
backup	infant	needed	stroller
college
sent	shivers	spine
grim	humanity	received	reminder
buried
almost	bounced	jaw	kitchen	pictures	turned
better
freaked	totally
gushing	heard	immediately	pulled	sound	stopped	turned
able	aware	body	breathe	conscious	move	part	scariest
doors	drove	happen	refers	shut	worrier
called	dread	locks
creatures	humans
hospital	sent	seventeen
almost	chance	fall	hole	tree	yourself
africa	badly	blue	carefull	durban	east	harm	must	skynews	sting	stung	summer	surfed	wind
second	silent
fits	giving
calories	deal
missing	pun
broke	kinda	pay	places	recommended	sites
defeated	disheartened	dragged	streaming
andrew	says	start
anti	lemons	neurons	read	reason	tired
bomb	nuclear	scarred	thomas
intimidating
experience
bored	line	money	numb
alone	apart	beat	miserably	missing	puts	sit	smile
burned	close	letting	major	slip	ups	wrong
brazen	disrespect	government	international	law	proven	saudi
allergies	case	caused	due	ears	fluid	september	used	wicked
cold	mom	mostly
nipple	piercings
concerned	demon	instructed	milania	nono	pick	practice	spawn	standing	stove
likely	misinformed
depends	entirely
confused	left	proud	speechless	strangely	stranger
actual	cake	giving	jealous	king	lack	nyc
align	march	naturally	place
across	belly	draped	recall	sheet	vertically
unsettling
anyway	asleep	best	despite	fell	freaked	hours	ignore	later	noise
living	months	obesity	saying	understatement
caught	ends	government	middle	soon	workers
beating	few	happening	heading	implications	involved	knees	plane	seconds	stopped	suddenly	took	washington
50yr	awhile	damage	death	due	horrific	mark	natural	occur	passing	planet	won
engulfs	fiber	legs	muscle
dropped
advice	anirudhofficial	devil	energetic	foot	iam_str	peiyophobilia	shot	tapping	voice	xtremly
addair	george	quote	thursdaythoughts	wanted	yourpushfactor
bsing	causing	etc	listen	paranoia	sativa	sativas	try
exactly	leave	money	yuh
matters	shame
21	adulthood	comments	entered	family	members	negative	save	won
comment	friend	isn	mom	reading	telling	top
alternate	between	insomnia	nights	notfair	seem	sleepless	tonight
depressing	jfc
cheering	comes	gaudreau	na	piece	risky	team
isn	kneeling	walls
adventure	black	idea	lost	outside	pitch	train	travel	whereami
exact	guy	posted	scares
afterwards	hurt
blizzard	frighten	giving	leaving
bayer	hahahah	horrific	jesus	penalty	wide
datboyjuniore	lool	loosing	soon	start	weight
asleep	closet	eventually	fell
avoid	big	bits	brakes	drop	few	forced	grab	handfuls	knew	less	managed	massive	offs	okay	ride	section	seemed	shut	steep	struggled	suddenly	switchbacks	urge
lay	quick	sooo	spinning	tired
didnt	ref	stroke
knife	seeing	subreddit
beforehand	calm	conveniently	guitars	nerves	placed	ugh	victims	yes
bottomless	deep	food	grief	lay	pit	wrestles
bed	bunk	crashed	crowd	dorm	downstairs	gave	often	pulled	roommate	rushing	safety	save	staff	stand	straight	students	suddenly	teacher	top	upstairs	wonder
insecure	thanks
astounding	embarrassment	secondhand
carted	hopefully	motives	pup	ulterior
lives
calling	car	mom	pounding	sitting
betrayal	fancy	talking	treason	whip
gonna	soon	weigh
agenda	aka	fatgirlhealthy	intimidation	mbscbill	polictical	use	violence
democracy	held	hostage	terrorists
better	dont	kid	letting	okay	slow	wish
begin	gray	icing
arms	bidding	breathe	lifted	ocean	roiled	seethed	simply	sturdy
pays
45	camera	co	confirm	existance	fly	leave	minutes	stuck	supposed	ulcer	week
adult	hear	heard	stories	surgery
black	eyed	kids
20	breath	holding	laps	ten	watched
gabriella	hsm2	kid	part	stressful	together	troy	whether	wish
1st	big	boss	came	hatebeinglate	hear	hours	late	ma	office	waiting
act	cheerful	expect	generally
arms	bed	elbows	jamie	killing	layed	matter	sharing	stiff	took	while	wich
clutched	honest	letter	palm	set	yesterday
amend	choice	return	tax
eventually	throbs
dh	store
1623	axe	cannon	dead	highest	honestly	mate
grew	gust	lifted	stronger	till
gave	great	hurt	ill	skin	such	suffering
backstory	badly	comment	fight	friends	injured	read
does	finding	thinking
risk	worth
analysis	bringing	cutting	edge	mentally	plate	prior	shit	talking
menacing	moving
15	1st	aged	baby	colmjoconnor	expecting	gulps	heyday	reckon
bedside	report
door	open	trap	wide
relatable
act	border	cross	groups	havens	mea	onus	pak	safe	support	types
help	repressed
backpacks	fills	huge	seeing
diabolical	prison	world
flutter	rsiereilly
anhui	anshan	came	citing	confidential	counties	demanding	document	file	forcing	hotel	isolation	issue	low	ma	mid	officials	orders	police	refused	residents	risk	secret	tonight
burnt_out_darth	thanks	theaterofscifi
af	break	coma	daughter	faceplant	friend	hit	student
angle	hung	strange
empire	meds	welp
cannon	closing	gate	sit	stretch
freaks
bullying	impacts
headwind	oxygen	piece	road	talking
everyone	fire	panics
bwana86	does	everywhere	following	true
anyone	barely	slept	till
brought	each	kept	later	rather	seeing
barret	bitch	excuse	hide	m82	month	panicking	purchases	while	wife
class	fifteen	hurting	minutes
fast	faster	ground	hang	hit	knee	lil	lost	mind	stopped	tray
distraught	everyone	liked	rather	respected	widely
somethings
gun	honest	resolved	rob	ways
dreadful	penny	temporada
maximum	silly
bracelet	falls	ground
card	crashes	great	happened	p4pictures	twice
breakdown	floss	gbbo	val
08	dead	mean	twice
anti	autism	dying	shots	vaxxers
ar	handed	may	running	shooting
collarbone	crack	eyelids	shut	swelling	throb
comment
aasadeq	suspended
covered	gray	hairless	skin
academic	pro	searching	writers	writersblock	writing
barely	bring	cheese	eat	friends
doesnt	everyone	mean	symptoms	taken	twice	zero
hurts
both	catastrophically	embarrassing
13	25	christ	matthew	nit	shoot	somebody	turning	video	videos
express	induction	pizza	tomorrow
loves	ok
proud
close
beating	body	burning	heavy	sun	taking
afterwards	foot	grinding	mostly	sensation	sometime	tingling
chair	finally	ounce	sick	strength	struggled	untied
bro	edgy
accidentally	guns	kill	plan	unless
yes
blind	miss	naivety	optimism
event	follows	mind	prominent	unnerving
attack	medication	starting
almost	aside	become	brush	clear	cold	cross	daily	despair	dream	drink	habit	legs	pouring	sun	tries	water
mine	reason
accidents	event	grip	loss	occur	tire
cough	dry	goes	human	points
able	communicate	language	positive
despair	emotions	euphoria	juxtaposition	sense	strange	such
ant	gonna
almost	came	hurt	innards	mouth	muscles	together	twice
elected	hillary	horrific	kennycoble	rosie	situations	trump	vote	worse
anyone	archangelsummit	brave	else	everyone	leadership	longer	mins	sethgodin
hugging	shits	suicide	thoughts	thts
differently	penis	remembered	slightly	thick	town
anticipate	below	body	caused	cope	movement	such	understanding	waist
arms	shook
friends	haunted	hotel	staying	supposedly
deadline	minutes	page
apocalypse	contagious	gym	hit	nothing	vests	wearing
door	knock	litarely	seconds	stopped	three
careful	easily	greater	numbers
kind	screw	stupid	whatever
allegations	false	heard	hoover	triggering
check	clear	inside
ew	master	minion	warn
bike	cambodia	heading	mention	north	places	several	southern	taiwan	thailand	tip	vietnam
amount	immense	tackle	try	while
bend	continued	crouch	eating	finished	jumper	knees	lifted	number	shopping	shops	spread	told	wandering
couldnt	eat	jaw	messed	month	swollen
click	yet
cackle	grinned	spoke	third	toothlessly	wish
close	damn
flipped	jeeez	scorpion	seen
eat	gripping	knots	lunch	unseen
bed	fell	immediately	legs	unable	underneath
challenges	faith	lack	meeting	muhammadali
alerted	ciao	dogs	ignore	kuss	road
done	ekg	literally
butter	hot	knife	skin	slid	under	yet
kill	parents
leads	logic	place
awkward
blanket	brush	found	kitchen	pillow	place	teeth	using	wash
fences	jumping	terribly	uk
cynical	own	understand
limbs	move	nothingness	properly	wouldn
2018	bed	cheat	count	gonna
different	everyone	experience	friends	lives	number	saved
dyatlov	incident	pass
creep	factor	gonna	midnight	virgins
abyss	board	clip	forced	lost	reality	stood	unaware
anxious	caffeine	co	disorder	especially	morbid	op	tends
18th	2007	driveway	few	force	kept	originally	posted	pushing	september	stinging	walked
civil	engineering	example	horrific	place	such	tear	trash
breathing	difficulty	nose	water
confidence	fact	give	reciprocate	self	won
ace	bandage	bound	knee	limping	walk
000	20	completely	disappeared	entire	galaxy	outside	universe	wouldn	yet
barked	cujo	dog	door	itself	looking	nightmares	regularly	shows	throwing
finding	ghost	guy	obsessed	seemed	talked
month	thread
actors	confirm	couple	days	different	divorcing	phew	result	results	test	whatsoever
afternoon	haunt	judgelynntoler	morning	sentence	specter	wow	written
atleastihavebuffy	awful	fam	news
illness
wth
binary	chemical	deet	files	hoax	insect	mammal	neurological	part	targeting	toxin	uscitizens	weapon	zika
idea	manki
message	reply
aka	school	social
amontanaw	dropped	hahahaha	nearly	phone	sink
changing	hair	shocking
captureyourmind	coincidence	etc	findgodnow	listen	objective	turn	tv	watch
corner	figure	hiding	spent
candles	edition	follow	latest	limited	news	scentedscreams	soywax
admin	aiding	fed	obama	plan	program	pulls	refugee	refugees	rejects	resettlement	texas	vetted
3mnths	cutting	fill	pinhole	postpartum	severe	spinabifida	surgery
rappers
enough	freaked	happened	small	used
above	better	course	editing	edits	essay	father	grade	impacted	jenn	mine	runs	shiver	shoulder	spine	standing	turning
bacteria	birthed	eating	flesh	growing	left	twin
10	12	almost	class	crying	entire	licking	minutes	pool	reese	shoulder	softly	spent	swim	ventured	whimpering
blood	mommy
cross	goal	played	scored
counselor	detail	thankfully	witnessed
appalled	brutal	forgot	happened
dream	funeral	grandmother	strange	week
complaining	sit	sore	wish
easily	fired	found	guy	killed
crazy	direction	either	lane	sidewalk	simple	single	street	traffic
funny	project	rev	roguecoder250
legs	pee	proceeded	sat	throw	underwear
critical	meaning	miss	sadden	skills	subject	thinking	worries
100	level
confidence	games	lgi	matinee	team
cheating
ghostly
aa	check	dash	frightening	jump
cannot	explain
dyson	flashbacks	joeybats19	mlb	sam
facetime	fnaf	mum	okay	pitched	recording	scream	suchagirl
added	already	collection
unless
funny	project	rev	roguecoder250
building	white
buzzing	different	favorite	finds	mom	vibrator	yep
challenge	fair	flat	freshers	keys	pick	strangers	talk	tomorrow
beautiful	insulted	subs	ugh	women
arm	brought	hit	lightly	noona	reality
horrific
15_jordyn	clown	enoughisenough	mrscassonc	neighborhood
cmon	double	duuuude	mercy	yourself
knowing	koishiteruze
gets	itchy	kinda
online	registered
awkward	types
unnerving
agg	close	cup	dodger	handicap	mark	pressure	scottiepass	shock	top
10000	dream	retarded	retweets	twitter
damage	ears	listening	loud	noises	permanently	temporarily	yes
ask	cell	jane	number
amanda	carried	gave	problems	sat	street	washer
attend	blowing	burnt	chicken	christmas	cold	complete	deep	due	freezer	happy	heck	landscape	large	making	meetings	needed	outside	post	pot	serious	soup	thoughts	unable	wind	yesterday
bottle	close	empty	enough	moving	starts
almost	campfires	ceilings	chandelier	freaked	inspired	mirror	outside	pieces	pretend	tape	under	walked	walking
absolutely	allowed	illegal	unavoidable
booth	cha	momentarily	packing	threw	while
loss	prayers	thoughts
big	boy	dog	growl	growling	porch	shits	starts
awful	khorne
breathing	btw	puffy	swelling	wasnt
birth	control	due	left	pills	soon	told
album	anticipated	highly	minor	release	waiting
cover	gasping	happened	immediately	realized
super
awake	barely	blow	breathing	bruh	happening	nose	nostril	outta	seconds	sitting	ten	thins	wide
arbitrary	seemed
mixed	terms
burned	till
climate	dead	move	perhaps	set	shoveling	sidewalks	warmer
agent	bittering	cartridges	case	does	nintendo	switch	tastes	wondering
company
almost	shoulders	swimming	while
finally	found	lash	neck	strained	tendons	whip
pakistan	state	terrorstatepak
idea	sarcasm
bandwagon	bookluvr83	brownies	crap	giving	join	kidding	kinda	liking	must
barely	book	cuz	gets	goes	picture	signed
birds	buildings	fill	modern	often	sense	stars	wonder
coworkers	fashion	makeover	shows	submit	wardrobe
cringe
done
accounts	certain	goat	health	issues	mental	schizophrenia	smell	smelled	sweat
1n	aid	asked	congressional	doing	enough	financial	hearings	pak	prove	stopped	usa	zak_atif
6million	creeped	filming	guy	internet	junior	obsession	oo	views	weeee	wooo
inpaired	laundry	realized
alone	base	calls	delta	earth	emptiness	left	responding	space	stopped	vast
brow	closed	furrowed
ant	crawling	elbow	flicked
atlanta	beautiful	dallas	each	msm	prayerful	protests	smile	stoking	stranger	strong
cause	drink	giving	lungs	nt	problems	rest
career	clearly	clue	start	worrying
cripples	criticism	further	hysteria	information	invokes	logic	normal	powerful	seemingly	women
creeped	totally
documented	does	done	federal	government	history	income	taxes
caught	kind	meditation	policing	talking
christmas	horrific	majority	music	population	rightly	vast
cringe	gif	once	seen	week
advice	depressing	rut
human	interaction	okay	starved
dollars	entitlement	multi	programs	trillion	wall
cult	honestly	incredibly	sad
crying	explain	family	live	panicked
disney	land	nye	square	world
dried	superly
crying	hyped	shot	zach
790blessing	coached	coaches	entire	jumpstreet	lancezierlein	markhberman2003	played	team
mouth	stitches	ton
paralyzed	patient	seizure	visible
diarrhea	heat	stroke	suffer
keeps	penis	spitting	uuuuugh
bigger	foot	six
atleastihavebuffy	awful	fam	news
else	however	win
3am	almost	cleaning	kitchen	mind	pensive	stove	ur	yourself
relatable
barn	days	doing	entire	job	keeps	moving	week
barked	dog	whimpered	whined
mother	murdered	spookytv
significantly	worse
faith	instead	obstacles	overcomes	renee	swope	tackling	tiptoeing	woman
alarming	thanks
jimcummingsacme	lhbrown1990
birth	bs	condom	control	cycle	future	moment	near
confident	dating	does	mean	try	ugly
avoiding	courage	fade	fears	scarier	start	whatever
business	deception	heads	hold	indians	informed	pakistan	stay	unafraid	unga
guilt
rn
backing	coup	either	help	offer	sit	wait
everywhere	snot
figure
colour	using	whats	yellow
embarrassing
callmekarizma	huge	nursing	school	test
awareness	bifida	birth	cord	defect	develop	fully	june	raredisease	spina	spinal	system	tube
thankfully
drinking	friends	gonna	runs	social
biting	distraction	edward	rid	shoulder
bee	crawled	leg	pants
25	behind	driving	license	wheel
least	neurons
left	mess	once	outside	settled
chills	closet	found	investigate	nothing
azyraizelo	shy	xd
honestly	nice	pedicure	rn	supposed	ticklish
breakdown	lose	may
palms	sweat	vantage	watch
fuel
420	became	bobmarley	gotten	wonder
above	directly	immediately	senses	shower	spider	spidey	stepped	tangled
investigate	silently	sneak	source
gt	wait
blame
doctor	hasn	numb	sharp
accident
across	daddy	normal	randomly	saying	top
panicked	sweating
badly
hold	job	struggled	yepp
covered
delta	sec	yea
achieved	cdl	exam	past	test
daughter	home	idea	murderer	running
give	great	inspiration	john	motivation	quote	rockefeller
alarming	bees	discover	dying	important	mack_shepp	rate	ryleycathryn
big	chupacabra	legend	mexico
amounts	cope	emotions	excessive	illness	relapse	use
money	spending
bed	beings	colored	four	gray	large	left	sensed	short	tall
anyone	asked	best	center	else	entertainment	friend	queue	reach	says
america	amidst	anger	earth	finding	fixer	frustration	gratitude	hopeful	race	racism	remain	sadness
autistic	boom
52	90	avoided	child	class	infected	infection	rate
freedom	glossinger	jb	lies	quote
shrinking	starts	tree
missed	stuck	tonight
anyway
bed	nothing	sat
instantly	showed
adults	both	consenting	nope
eye	helps	lids	rubbing	sometimes	transparent
interviewing	mom	police
aesthetic	banana	belonged	bruised	cause	ghastly	huddersfield	kit	meme	swear
bring	happiness	kalwar	mentalhealth	poorness	presume	psychology	quote	richness	santosh
fingers	indeed	sprouting	stub	stubby	underformed
aqeelsyed	does	dream	exist	hesitate	lifeisbeautiful	live	livewithpurpose	unknown
act	tough
expected	tomsteinfort
craigslist	met
abuse	dr	gets	squirming	tl
agree	alarming	capehartj	latest	polls
dreadful	timmyldn
kinda	least	lil	minutes	pan	particular	sauce	search	speck	tiny	tired
god	okay
fiancé	gave	sandwich	sat	smilie
building	client	combining	command	executing	input	server	shell	shudder	user
became	facing	lying	once	red	totally	water
hi	names	shaun
blank	laughing	lay	leaving	papers	torn
charts	seeing	spotify	true	weeks
broke	brought	heard	melancholy	morning	news	turned	usual
baby	chickenpox	else	isolated	rooms
beautiful	hahahaha	koy	na	oks	wengzyjb
anywhere	doing	everyone	excalibater	fit	irl	lately	lonely	own	shy
badly	bait	biggest	crush	indeed	matchup	rookie	since
able	later	realize	sore	start	turn	yesterday
blow	ears	headache	hot	nose	stuffed	woke
shotgun	sit	wait
continues	follow	hour	leg	miles	million	parking	sort	target	turn
clicking	gym	homeless	jacked	knowing	leave	nerve	pinched	rain	shoulder	thus	town	volunteer	weekend	whilst
2013	approaches	death
24	hospital	hours	kept	possible	stay	suggested	try
super
freaky
bride	easy
already
answers	ct	gives	lump	scan
big	carefully	communication	controlling	developed	launch	mainstream	media	playing	satellites	self	spacex	thinking
awkwardness	boyfriend	came	chatting	congratulated	conversation	etc	friend	grand	great	hers	pizza
calm	police
challenge	challengesophie	inspiration	loving	map	stayunstoppable	talk	tedx
feels	invading	particularly	road	space	stressed	walking
danger	enough	nose	often	runny	smell
ghosted	use
downhill	hell	hurting	punding	throw
booked	skydive
best	between	few	friends	notice	play	ps2	reach	sitting	watching
truly
change	focusing	future	living	neither	past	present	unknown	wanting
awfully	claw	clicking	distance	familiar	knife	snorting
anatomy	exam
better	bleeding	hell	kinda	knuckles	skin	took
believe	death	reincarnation	seems
lost	own	world
automatically	gay	guess	homophobic	kinda	sense	seriously	taken
2days	cold	exclusively	morning	photo	place	raining	rare	sky	taken	w910i	weather
girlfriend	habit	jumping	possiblity	quickley	sleave	wearing
congrats	featurefilm	film	friends	huge	scaryshit	thevoid	tomorrow	usapremiere	voidmovie
18	christ	cure	intimate	john	relationship
christmas	dream	ready	screaming	wasn	woke
beautiful	called	comin	downvote	focuses	hear	lunatic	rambles	train	uh
legs	weak
abuse	basically	cases	child	children	forced	held	kidnapped	own	parents	programs
almost	burned	town	weekend
dad	indifference	mom	own	parents	understand
sweaty
attack	due	finished	fun	havent	hour	procrasting
biggest	nap	shower
closed	darkness	endless	flame	leave	seemed	soon	vanish
mother	murdered	spookytv
discard	lifted	looming	month	post	tremendously
blank	either	goes	kind	mind	near	pops	sad	scream	seriously	whatever
asleep	bed	fell	mom	walk
andisbench	baby	begging	found	joy	sadness	sits
15	70	80	caught	dec	everyone	exaggerated	handful	infected	isn	nearly	rate	since	suzhou
aunt	bare	front	lick	porch	sitting
sinks
across	almost	aqua	below	blue	bottomlessness	children	concrete	depths	drunk	hints	pool	rejoin	shallower	staggering	swimming	tinny	ungiving	whispered
haven	horrific	january	looking	months	yard
hearing	longer	sliding	slowly	stay	strength	thinking	towards	words
69th	happy	haunting	may	stephenking	writing
horrid
invisible	wall
calm	petrified
decides	deity	example	fictional	legitimate	state
anything	class	girl	school	social
autumn	mendiphillsaonb	nights	photo	seen	since	swallows	swifts
absolutely	afternoon	although	bite	calories	delicious	enjoyed	guilty	must	push	thinking	thoughts
dread	excitement	pure	weekend
hygiene	mom	part	share	sister	underwear	weirdest	wouldn
gotta	hypothetical	question
guy	least
ack	bumped	buzzed	moment
countryside	lives	stressed
nose	under
95	cases	dogs	matter	puppies	ugly
physical	police	report	threats
26	fun	nbsp	sun	walking
feared	lament	lonesome	near	nroad	nsaddened	nso	nstill	nthe	nthis	ntough	nyet	poem	poetry	scarred
beyond	brown	carpet	frightened	lost	mad	sneaking	spider	track
action	goals	hold	power	push	towards	use
alive	alone	aunts	cousins	damned	family	grandfather	however	ignore	indiana	intellectually	keeps	kickin	lucas	popping	shade	shoulder	uncles	untrue	whisper	worst
gets
hurts	sit
cupped	ears	hear	silence
alone	completely	distinct	hear	live	ominously	pantry	popcorn	pull	sound	sssshhhh
correction	expansion	honestly	thanks	vocabulary
2002	2nd	books	graduated	great	history	materials	teachers	term
body	insanely	insecure	language	pics	poses
forehead	gun	pressed
af	apartment	cold	drafty	victimized	windows
watching
closet	outfit	stumbling
6lbs	aggressive	cause	dog	lap	shoots
medication	panicattacks	tysonwaters	usa	waterswife
caffeine	dyyyying	heartbeat1000	jitters	paranoia	shakes
amazingly	brave	date	ex	frequently	killed	male	men	news	partners	read	women
2nd	half	jump	sides
brought	fact
barefoot	bottom	foot	glass	itself	kitchen	months	overlooked	piece	stick	suck	unearth	worse
aftermath	apparently	clogged	gruesome	toilet
kind
benefit	class	cringe	gonna	hate	haters	politician	seen	singing	song	working	worse
links	posted	safe
30	account	bank	eyeroll	freaking	managing
covering	cringing	door	ears
air	kill	temperature
bright	interview	job	tomorrow
avoid	boy	clean	course	doesn	dry	grudges	hold	human	hurting	limit	mouth	normal	open	reaching	slate	slept	starts	thankfully	wide
ewww	gross	shudder	wet	yes
hell	outta
10	attractive	guy	habit	soooo	talk	tries	turn
bang	beach	bright	flash	heard	home	houses	huge	laughing	white
asked	guy	hell	loud	reading	squirming	told	wife	wtf
banana	difficult	eat	half	immediately	managed	queasy	race	water	yesterday
30	chest	front	pound	shyness	speak
dfkm1970	generation	struggle	tomddumba	whoa	younger
corners	holding	mom	school	small	white
exploded	fireworks	kid	knowing	nearly	older	shirtless
comfortable	doesn	safe	seats	tbh
care	english	nisa	translating	version
armed	book	lucidhurricane_	mean	shocking	wait	wasn
attack	bashing	downstairs	hrjdjd	mum
fed	illiterate	lies	mind	purpose
destroy	may	process	rest	world
ignored	including	media	syria
few	months	pierced	thinking	tongue
raining
better	girls	jihadi	madrasah	school	send	stay
learn	once	place	try
sad
champagne	died	inside	waste	watching
american	courage	cowardly	dog	kids
beat	beautiful	cheek	fast	give	left	peck	yunho
autistic	hyperbole	may	pick	post	sarcasm
bright	light	phone	picked	window
brush	burn	cheek	fall	forgot	forgotten	lick	lingers	raw	red	stripping	tear	yet
test	tonight
agree	awful	friend	heartedly	thats
dead	elf	lives
shitless
caught	dirt	falling	fling	knees	moment	teetering
bathroom	began	bowling	dinner	run	sit
anything	believe	worse
chance	misunderstood	roasted	shows
along	bahama	caesar	concoction	downed	mama	nerves	party	pauly	pesto	pink	pokerstars	pork	rum	salad	sauce	settle	tasty	tenderloin	tortellini
anywhere	basically	half	sitting	tube
asleep	bed	hurts	killed	nearly	spent
anxious	holy	reading	shit
unreal
attempt	brace	bread	dough	dutch	loaf	morning	okay	oven	use	yourself
heard	intriguing	kinda
compliment	dont	fake	forced	honestly
awe
biceps	leafyishere	showing
above	budget	chest	clubbingcos	dun	few	give	hurts	ktv	manicure	months	pedicure3	seriously	session4	shopping2	simply	tat
cleverly	couple	few	figure	minutes	office	scratch	several	weeks
close
area	cleaned	close	doctor	ears	flushed
dude	nsfw	polygrumps	sub
mouth	realized	stitches
ahead	children	danger	great	telepathically	told
believe	feels	mufc	tonight
9th	ends	hold	lease	september	suck
better	ears	feela	muchthat	nose	popping	puffs	running	stock	thinking	tissues
haunt	may	thealexpeace
american	grieve	straight	throwing
ankles	front	shins	stiff
dreading	during	games	happens	title
behind	moon	quickly	trees
cringe	morbid	stds
chomsky	easy	everybody	noam	participating	stopping
hour	hours
haunting	photos
famous	film	genuinely	iconic	legs	shot
broken	ccot	horrific	injuries	leg	ps	ring	scott	seen	steiner	thesideudy
20	buffs	current	definitely	hence	worst
god	physically	weak
breaking	college	finals	hives	since	sucks
amid	crowds
horrified
buried
57	blood	bludgeoned	body	completely	cover	fact	fine	gallons	proceeded	spew	tiny	totally	trampoline
aged	horribly
anxious	hmm	idk	keeps	leg
cringey	crying	especially	extremely	loud	noises	shrill	spot	stressful	sudden	uncomfortable
baclofen	belly	done	implant	intrathecal	procedure	pump
broom	flew	green	screech	snatched	window	witch
cabin	foot	picture	set
footprints	police
big	cause	curlygirlmimi	dunno	frighten	girly	guess	small	un	works
blockage	maker	minor	stroke	suffered	widow
neck	reversed
arm	asked	bumped	flustered	girl
bite	bugs	crawling	falling	several	waking	woke
enough	fair	grinding	level	okay	vid
begin	corner	eye	once	pool	slowly	straight
minute	regular	scariest	scored	season	soon	yet
heyyyy	panicattacks	warriors
30	annoying	contact	memes	minion	sending
arm	broke	funny
bet	iam	loose	manchester	skyfootball	united	untrusted
gives
ai	bigger	biggest	issues	projectile
least	school	wasn	week
agent	alive	guess	however	inauthentic	loves	sister	socialanxiety	wasn
closed	ground	heard	hit
anxious	brother	library	react	school	sister	thank
ball	constantly	crazy	crying	reminds	sister	verge
countless	ge	herself	jiang	jiangs	lets	living	money	pay	save	selfish
aggressively	basically	become	creaturedoublefeature	flitting	gypsy	moths	outside	world
arm	left	watch
beat	excited	gryffindor	id	its_just_huong	world
average	caffeine	containing	dosage	entire	gel	happening	knows	mixture	monthly	passes	pour	syrupy
ahhhhh	bleeding	drawing	ears	god	moved
racking
wrong
atheism	beast	best	bible	christianity	god	heaven	hell	jesus	product	psychology	purgatory	rkuuleiq	theism
fluid	motion
accidentally	bathroom	clip	slapped	wall
faithhill	happy	positive
anything	chest	exploding	finale	grand	hear	inside	kept	talking
anxious	bed	hell	helped	performance	porn	quitting	social	spots
amd	heard	safety	sit
10	30	million	rolling	thoughts	woke
completely	lost
called	gets	guy	police	taken
dropped	gave	nearly	sitting	whiplash
ankle	dyed	festival	hair	june	junior	purple	ready	riverfront	school	sprained
halep	handle	kanepi	open	wide
both	ok
biggest
began	snow
creepiest
30	appalling	days	month	past	teams
focusing	impression	lessens	making	primarily	rather	social	talking	yourself
artist	bloody	extra	hell	loving	omg	painful	read
object	sharp	stabbing
anyway	cravings	eliminate	kratom
alcoholic
checked	class	front	imediately	present	sad	severe	sometimes	ur	whats
heads	melted	tired
cop
hang	minute
attack	duck	hall	slept	thinking
attack	college	english	essay	major	student	third	written
bedroom	bright	middle	super	wake
beyond
100	7k	buy	cases	cold	community	daily	dining	envy	facing	guangzhou	helps	lockdown	may	nearly	normal	open	protection	self	spread	worsen
able	attracted	kill	supposed	women
huge	knew	shitless
emotions	mixed	running	thoughts	understand
cardiologist	check	tomorrow
evil	seem
aggression	bug	causes	horrifying	integer	levels	overflow	resets
apartment	blowing	hot	nose	sick	sore	wicked
black	either	lights	noise	pitch	wasn
becomes	extremely	powerful
butter	jackandahat	walls
alright
blairwitch	blairwitchmovie	blairwitchproject	horrormovies
everybody	figure	mad	president	recognized	russia
doesn	hurts	moment	sense
bat	innocent	killed	socialism	socialist	stalked
barely	dash	gears	idea	jammed	knees	limits	lock	managed	pedals	poking	proper	rev	rollcage	seat	shoehorn	steering	under	use	wheel
fuck	possible
bloomingdales	collapsed	genuinely	horrific	left	numb
dude	leave
faster	idea	separate	tool
hoping	isn	late	post
dreadful
cocaine	dealt	drugs	marijuana	methamphetamine
able	pay	proably
blood	cheeks	cold	hot	knick	rain
confirm	distinction	graduate	himself	navazsharif	post	spare	student	terrorstatepak	university
began	fell	flat	running	start	tripped
c1tyoffl1nt	dreams	haunt	joeprich
deserve	lose
fell	heard	hffffhj	snap	takumasgirl
downvote	encouraging	genuine	hateful	sarcastic	upvote
dont	fans	kill	trade
coincidence	matrix	paranormal
cringe	nourish	tbh	word
blue
making	osaka
hobby	prank	scaring
age	among	countries	drinking	easy	legal	lowest	nation	ok	world
student	try	unattractive	wearing
omg
does	dropped	employer	mandate	obamacare	wouldn
acts	commiting	screaming	terrorists	thank	while
early	morning	nobody	ran	run	traffic
building	classmates	collapse	cracked	downstairs	earthquake	fifth	grade	later	notice	quickly	run	thankfully	told
dash	doing	pomeranian	while
whipped
lamest	letters	metahuman	murder	seen	threatening	voice
available	dr	hmo
rest	shitless	visit	worked
ok
nothing	underhand
driving	evening	hotel	money
dangerously	hot	ice	such	thin
anything	appalling	asylum	seekers	shooting
biggest	catching	close	control	dangerously	feelings	once	self
child	severe	suffered	trauma
100	copying	message	scam
died	kids	three
anything	reading
cringe	masochists	painful
iffy	microblading	outs	seen	turn
acknowledged	awkward	each	frozen	hallucination	moment	scrambled	sense
veeeery
mommy
anything	bigger	diving	pool	scuba	swimming	terrifies
nooneunderstands	turn
4am	since
absolutely	believe	generosity	give	happy	healthy	id	lost	pouring
boots
damn	finally	ifs	worst
ask	try
both	burning	daughter	fever	help	hot	ibuprofen	paracetamol	won
broke	certainly	chads	cruel	except	homeless	marry	men	seeing	tho	women
call	country	floating	turd	won
brother	fact	however	sick	sleeping
citizens	own	thats
asks	buddy	few	moon	past	standing	warns	won
14	darren	facebook	message	send	via
body	cart	leaped	mine	spark
death	experiences	hurt	near	neck	turbulence
sound
deal
lamp	omg	shaytan	wallahi
better	danish	daunting	flavour	ms_hiddle_batch	pastry
obviously	quite	upset
attack	boiled	saying	sees	situation	street	threats
dog	fuck	implying	original	wants
act	death	dying	realized
buried	gonna
comes	discomfort	enjoyable	exhilaration	green	isn	occasionalgod	popular	reason	watch
incantation	magic	mastered
art	best	claim	especially	hidden	revulsion	tend	turn	vendors
laughs	nervously
aching
bishops	surrounded
called	devil	didnt	laugh	offended	ok	train	whether	white
dreams	haunt
burned	part	shock	thumb
anyone	dying	else	muslims	principle	terrorists	victims	younusalgohar
diet	friday	jade0208	till	unfortunately	wait
caleb	dream	freedom	zombies
came	followed	girl	horrendous	loo	mine	smell	soon	stepped	wash
idk	lost	sudden	watery
hurts	poo
10	class	due	friday	gradschoolproblems	mfa	page	script	someonetelltinafeytohireme
awe	bellaissocute	cray	empire	lady
170	guy	middle	quickness	running	small	sub
bought	bro	cloths	leg	normal	painful	shoe
change	changing	glasses	normally	past	since	six	slacking
alive	concept	generations	imagining	ten
blood	ice	phrase	sense	turning
asleep	fml	key	low	miss	restless	sleeplessnight	sleepy	ugh	yet
destination	drew	kept	legs	particular	robes	tightly	walking
connor	connorgarnett1	dilancliff	girls	jack	jackcourtney95	steal
liking	lose	potential	seeing	study	worse
prayed	searched	silence
amerikkka	cause	close	couple	days	heavyheart	kkkops	losing	terencecrutcher
both	cardio	cramps	ghost	giving	haunt	legs
ask	mom	yelled
bc	better	contact	eye	shy
gf	lucky
cuz	offtop	touch	woman	working
costs	dental	deteriorate	dystopia	healthcare	horrific	low	wages	watching
called	police
dad	exactly	knew
immediately	tightens
49ers	division	fans	older	rivals	used
3000	believe	comments	creepiest	deep	genuinely	read
door	family	gets	leave	open	sick
fuck	shiiiiit
deal	help	social	somebody	srsly
34	aged
incident	mentioned	none	since
anymore	omg	orange	stand	watching	wentworth
autopilot	body	control	hallucination	incorporated	lungs	mode	paralysis	reason	yet
absolutely	craven	republicans
price
awesome	less	result	snake	venomous
skin	torb
family	integrating	stepmom
binary	chemical	deet	files	hoax	insect	mammal	neurological	part	targeting	toxin	uscitizens	weapon	zika
breath	nose	stung
calls	refs	remarkably	sabres	tonight	wow
barely	darkness	daughter	form	pale
along	neck	reached	running	shirt	soaked
cringe
burning	else	later	play	yourself
omg
alert	depressiong	spoiler
course	favor	future	mean	owe	unspecified
alditoharrods	give	try
applicants	ask	asking	balance	harassment	interview	policy	questions	respect
different	done	obviously
curious	malicious	seem	spirit
cat	lick	sexual
comment	cringe	pure	smelling
big	china
begins	behavior	cbtworks	cycle	debunking	either	idea	negative	part	physical	symptom	vicious
happen	opinion	popular	sir	sort	trade
seriously
banks	body	jewelry	later	river	shaved	stripped	taken
chuck	cloth	finger	insanely	inside	jaw	loose	polish	putting
horrifying
aaaand	account	alive	alt	reported	whoever
shitting
deer	hit	messy	plows	snow
guess	link	post
bleeding	stopped
controller	seriously
goat	libeling
2day	addresses	form	forms	injustice	opinion	term	used	world
bcoz	religion	terrorise
confidence	deal	drug	others
drowning	falure	worthless
attack	call	dont	explain	fan	give	mad	words	yourself
caught	dumb	mf	trust
chest	help	sharp	stave	yell
fart	trust
assumed	crazy	hallucinating
details	god	least	mean	possible	works
choice	crashing	finally	idea	write
army	assaulted	children	east	fans	incel	including	la	literally	physically	reminder	spoke
cousin	fingering	kids	stealing	wild
cheerleader	dead	figure	impregnate	na	straight	tryin	wan	weight
eight	half	plates	rebuild	surgery	took	week
brawl2099	care	doctor	eval	meds	mess	prescribe	primary	psychiatrist	refer
cause	choice	food	haha	knew	pass
kind
chalky	lips	pounded	sign
big	crossing	currently	fingers	flakes	hoping	outside	snow	snowing
dead	tracks
bakewell	gbbo	tarts	yuk
attack	holy	instantly	moly
cringe	doggo	mems	unironically
arrow	notes	part	sent	stalked	team	threatening
30	highlights	rovers	season	seconds	shocking	venkysout
alone	anyone	heaven	live	married	once	pure	speak	weekends
himself	home	ran	shat	terribly
30	answering	entry	hurt	math	question	second
answers	death	frameofanangel	instead	nso	won
colors	open
abruptly	car	fault	imo	jumping	lane	mostly	signaling
burn	mr	sane
whack
chloemcaleese
happened	horribly
fast	fright	gave	laura221b	moved	such
2020	draft	honestly	instead	qb	rather	season
glassed
building	class	collapsing	dozing	earth	earthquake	nearly	ran	shook	swayed	teacher	yelled
tonight
terrors
movies	nap	tryna	watch
aren	boys	classic	hungover	trap
action	goals	hold	power	push	towards	use
dem	doesn	jordanchariton	mode
avoid	failure	losers	losing	part	process	success	winners
gun	home	knife	step
cult	frightened	insane	left	post	truly
attempting	page	words
drop
90	seconds	straight	taunting
gnarly	thats	yow
different	established	explanation	frequency	least	previously	used	vibrating
black	panther
aint	air	along	arms	cute	four	hips	jovial	moves	older	rhythm	screams	starts	violently	waves	winds
anything	better	exercise	help	legs	related	rest
10	gives	hangry	minute	warning
bathroom	gets	jeans	moment	realize	scissors	stuck	zipper
danger	exaggeration	front	hold	hospital	sitting	truth	turn
butterflies	ipmcogsawards	starting	tomorrow	tummies	win
clam	clentched	fist	makeing	praying	shell	sideways	sorta
desire
closed	fueling	glass	half	heavy	leave	liquor	piss	sleepin	suspect	tender	watchful
bless	body	buddha	family	fortune	heal	health	safety	shakyamuni
better	elbow	moving	realize	sometimes	spice	spine	thyme	tom	tremble	waites	waits
14	19	blind	block	curse	deaf	god	leviticus	nyou	shall	stumbling
presume	teamlemoncreams
black	blue	died	eyed	fishin	morning	set	smashed	throbing	tv	woke
democrat	majority	super
graffiti	turn
butterflies	incredibly	legs	weak
coworkers	fashion	makeover	shows	submit	wardrobe
calmed	rationalized
asap	doctor	hallucinations	kind	psychiatrist	worrisome
across	cody	directly	excuse	fell	lowered
pray	true	wishes
leave	quickly	sister
barrier	crossing	language
air	barely	chest	closed	coagulating	ducks	geese	held	move	ripple	slowed	sweaty	thickened	tonight	water
100	friday	front	nspeaking	wear
act	aggressive	gets	journal	part	unfortunately	wait
focusing	impression	lessens	making	primarily	rather	social	talking	yourself
anxietyprobz	exterior	happy	hopelessness	inside	peoplelikemebecause	sometimes
badly	bleeding	blood	cut	glass	hit	lips	mixed	ran	showering	sweat	taste
doused	drenched	except	heavy	hose	miles	pleasant	rest	running	shoes	sponges	stopped	stops	water
doesn	guess	swelling	tongue
inception	sink	titanic
headache	hurting	win
chip	gets	kiwi	mouth	pineapple	roof	stuck	tortilla
05	11	blind	deeper	leaning	levels	longer	mgm	since	slightly	stack	thanks	tourney	towards
apprehensive	few	honestly	mine	months	staining	wear
button	concerned	dead	handle	press
amazon	cart	dye	hair	once	purple
jeff	labor	lower	rubbing	such	tub
breath	crossbow	crying	hurry	late	rn
help
closer	pushes	void
door	front	key	lock	stood	unlock
13	cut	heavier	heel	mileage	short	smart	sore	wanted	weeks
mouth	pole	running	straight	top	tripped
bigger	criminal	goes	indecency	potential	public	record	reported
chest	dream	fry	pulling	stir	stringy	type	vegetables	watery	white
forget	homework	hours	interview	tests
overtime	teamna	wch2016
death	laurenbrierley2	sparkling	water
anxious	better	quite
idea	refer	scream	witch
alone	anxious	anyone	cant	interact	leave	mess	while
according	goes	horrifying	nobody	panics	plan	remake
dryer	fire	hazard
following	logistics	sitting	stay	van	warm
blown	dust	easily	faith	oil
cis	transphobes
bottom	britishbakeoff	dog	haunt	soggy	stay	strong	val
alamrahman	engineers	evening	impact	resolved	signal	working
absent	dude	idk	ohio	pick	state
age	anxious	generation	judgmental	older
afford	attack	cant	few	freaked	god	history	minutes	test	thisbhuge	tired
brown	women
concerned	easily	overly	wake
amount	change	enforcement	isn	live	move	nice	place	states	united
1steviekilner	doesn	kachelamurray	silly
danger
bike	glad	ride	wind	windy
aaron_0424	marquezmark06	paranormal	serious	stuff
coma	congestive	failure	fell	hit	passed
anyway	crazy	hurt	knees	morning
battlefield	bear	briefly	care	case	categorization	freed	grassroots	handle	hospitals	load	medical	paperwork	refined	shelter	staff	surges	workers
certain	death
inside	loop	song
freeze
bottle	cast	soft	vicodin	wrist
boring	deliriously
analyst	benefit	cost	idea	ratio	risk	worth
brown	envelopes	induce	posttruth
hopefully	morning	nose	shift	stuffy
10	minutes	numb	within
cupping	dear	kicking
flying
during	sleeping
awful	cool	goes	manufactured	obvious	pushing	rapper	untalented
bone	marrow	once	tasty	weirder
ache	ear	jabbing	progressed	sharp	small	turned
daughter	friend	school	sob	themselves	walking	waved	wee
10	anything	bend	lifting	pounds	twist
defensive	depth	embarrassing	haunt	lack
adding	best	creeping	despite	exhaustion	fact	familiar	forget	gently	introduce	logan	midnight	rubbing	shankar	sighed	situations	sudden	sympathy	temples	tone	warning
happen	knowing	scares
told	wake
both	injury	intoxicated	minor	quite	suffered
drawing	faces	horrifying	kinda
closing	tm
contribute	losing	sight	tired
guilty
attack	attempt	gives	hook	rare	shots	watching
26	ankle	bending	between	kept	nbsp	rocks	slippery
discord	isn	link	pinned	post	working
happy	must
depressing	ends	huge	job	losses	money	owners	pandemic	restaurant	suffer
department	dripping	poop	sneak	store	throughout
wrong
awful	wonderful
paranoid
comes	fast	food	hangry	places	restaurants	vengeance
kohara19	land	octopus	rare
da	downvote	durr	frightening	gullible	part
stressed
covid	days	does	mean	mixed	positive	result	sample	symptoms	test
barely	possible	shit
apple	cider	concoctions	forget	ungodly	vinegar
dig	horribly	mean	sense	socially	stunted	totally	traumatizing	types
during	hair	neck	stood	vocals
12	bride	editing	father	goes	minutes	speech	tells	wrap
damp	dirty
ffs	needs	slow
bought	hold	played
dad	saying
cured	gets	give	improved	massively	situations
terrorist	trust
15	20	almost	banking	benchmarks	close	highs	major	markets	stocks	top	while
cause	doctor	eat	eeeeh	schokokitsune	shake
changed	dominant	meta	season	spurt
fingers	numb	typing	write
absolute	anesthetic	experience	failing	horrifying
completely	front	smashed
absolutely	idiotic	saddest	understand
attention	behind	car	isn	motorcycle	paying	riding	slams	stationary	waiting
possible	quite	saddest	soon
brainwashed	collectivists	coward	cowardice	excuses	making	worrying
sense
japanese	live	shake	supposed	teach
happened	instead	mean	murder	nva	pretend	screaming	spa	wouldn
breathing	subconsciously	thinking
apparently	dropped	jaw	priceless
ask	distaste	irrational	moronphobia	step
quicksand
anyway	dream	glitch
cheeks	streak
customers	difficult	husband	offended	wife
hearing	lord	puking
aches	completely	cramps	different	drive	entirely	mechanism	mention	minutely	position	seating	shoulders	system
await	everyone	fully	guangzhou	lockdowns	locks	nation	normalize	pulls	rolling	stay	strong
pcola	round
bed	lying	neck	rope	skipping	tied
accentuates	beard	chin	does	double	must	neck	swim	team
amwriting	creak	creaking	door	doors	kitchen	loud	noise	wtf
caught	gushed	loud	ooof	saying
avoid	debated	dreading	extra	haircuts	often	several	shaving	stretched	weeks
heading	light	seem	vanish	vehicle
home	sick	spent
best	car	driving	friends
feeding	journalism	journalist	level	masses	mildly
benz	best	shit
decided	lady	meet	online	talked
glow	light	seemed	yet
ankle	outer	shooting	throbbing
floating	free	magnet	rising	sometimes	tonight	universe	wonder
hung	lowest	mothers	shame
death	lived	realize	truly
appointment	doctors	tomorrow	vibes
beautiful	nature	waterspouts
definitely	haven	thrown	yet
honestly	itnevergoes	unhappy
conspiracy	delusional	dread	proof	scam	theories	zero
15	able	hardly	hot	letting	minutes	mornings	move	neck	pound	shower	spent	water
60	folks	gig	hc
career	future	president	running	throwing
pulled
duck	female	past	proceeded	restroom	run
gonna	hour	ruled	sort	unicorns
afford	feasible	financially	move	multiple	threads
attack	bc	crowds	crying	mgcsartwork	nearly	tatinof
already	ankle	completely	decided	fine
2011	brexit	deal	honestly	ones	possibly	predict	riot	scale	undergo	worse
scmciafiin
missing	morning	restless	thinking
between	contacts	destroy	duty	pupils	reason	stuck	wear
confused	does	future	great	kind
breathe	complete	darkness	eyelet	mashed	mouth	nose	oxygen	tiny
called	citizen	clear	duty	grab	knew	passing	ring	roman	shock	shoulder	turned	wore
direction	hurts	neck	turn
fuel
shy
aftershave	air	bourbon	heat	joop	mix
change	dead	fucking	happened	mind	tomorrow	wonderful
arrive	festival	internet	office
act	border	cross	groups	mea	onus	pak	support	types
caretaker	freaked
already	bottom	depths	despair	hit	njdevils	playoffs	rock	seasons
downwards	hiding	set	slightly	street	tilted	view	walking
making	own	streaming
drivers	opinion	peds	responsibility	seen
49	cos	guardianaus	ideology	immigration	islamist	paul_karp	perceive	risk	support
admin	aiding	fed	obama	plan	program	pulls	refugee	refugees	rejects	resettlement	texas	vetted
cousin	else	possesion	talk	whether
beast	unleashed
doesn	guess	idk	skimmed
authoritarian	begets	despot	revolution	ruler	violence	violent	wind
caused	charlie	cramping	fashion	hips	horse	shivering	tense
17hmr
brazilian	chinese
equally	second
bringing	ibra	mourinho	ntfc	rushford
accomplish	desk	guy	help	job	move	puking	train
normally	noticed	situation	social	symptoms
came	ejaculated	girl	maturely	pre	recently	type
distraught	dms	key	literally	low	separating	slide	wanna
brazil
best	big	book	communication	flag	hes	red
death	died	idiot	nothing	psychotic	saints
archangel	choice	dedicate	each	michael	moment
creepers	family	figure	hopefully	luck	soon
does	okay
failure	productive	urge
definitely	nonononoyes
bein	doesn	separated
bruises	handle	shows
breathing	burning	calves	foot	legs	pattern	pinched	settle	sluggish	typical
25thamendmentnow	clapper	disturbing	godhelpus	impeachtrump	james	nuclearcodes
allah	bombed	burn	hell	kids	learning	mosque	pigs	quran	shaa	terrorists
awful	busy	hadn	hairline	looking	noticed	rest	stuff
killer	slippy
blood	dripping	handed	ipod	moved	nose
bleeds
career	decisions	insecure	somebody
awful	worse
careful	kids	washed
horrendous	mass	miss	rez	ult
college	math	test	tomorrow
chest	moved	stuffing	whatever	yesterday
anxious	blargh	excited	fall	quarter	tomorrow
ireland
10	backwards	different	hill	lane	once
chuckles	wild_lucario_
celtic	send	shiver	spine	wild
slow	try
broke	collarbone	knees	reading	shattered
below	dog	feared	rocks	worst
create	didnt	rely	valuable
black	coal
call	fair
admittedly	adrenaline	rush	silly
mongering
darren32895836	does	fatimafatwa	globe	great	opportunity	settle	wonders
ajjaffe	concerns	contributions	foundation	hillaryclinton	lmryle	realdonaldtrump	tomcolicchio	understand
aisle	anticipation	casket	chest	inside	painful	walked	welling
place	rushing	stand	stream	stuck	waiting	world
viewers
moving	terrifies	uk	weeks
basketball	concern	hanging	hoop	kid	visible	walker
american	daytime	frightened	gonna	scariest	watch
aliens	freaked	mannequins	pet	planet	surrounding	taking
thoight
clock	kill	near	nowhere
dread	foodbelfast	jjskeffington
mucus	panting	sat	wiping
happened	random
similar	wow
gosh	light
burn	calories	headed	hurt	learn	wanted
closed	fence	field	gate	otherwise	park	small
cause	interest	lose	past	plenty	scraps	stuff
_jamiebraidwood	glad	haha	horrific	missing	needs	sat	spain
10	behind	death	enjoying	fence	jill	lunch	machine	none	reluctantly	sitting	turn	yards
cynical
bunch	intimidated	seanunfiltered	texans
attack	jerk	katrinalaw	nyssaalghul	turns	twitter
best	leave	murder	rate	skyrocketed	under	venezuela
affects	attacked	cat	finger	scratched	treats	typing
ap	driving	falling	isn	masses	media	reader
baby	building	child	eleven	forts	sad	weep
awful	empire	games	imperial	regime	show	sourcebook	west
bigger	skin	squeezed	wound
3amdeadtime	based	busy	coding	gamedev	indiedev	manager	steamworks	unity3d
hiding	seemed	tearing	welling	yawning
disappointed	doesn	drop	hella	intro	tonight	tribute
become	boy	defend	earn	goodness	points	try	validate
bark	insides	raw	scraping	skidding	thighs
drone	fact	flying	gives	rain
bloody	friends	mary	mirrors	moonpendent13	pop	summon	thinks
better	gosh	options	perhaps	places	start
emigrate	expensive	flip	grandma	illegally	retire
petrified
catastrophe
screaming	video
making	paranoid
asg	effort	performances	regular	season	similar
collapse	deli	guy	ham	liable	morning
since	vegas
cold	guilty
explainable	stumps
act	asleep	fall	god	nights	takes
brink	wait	won
alright	elbow
crazy	happen	humans	issue	regular
excited	tuesday
american	dead	frecklybellamy	merlin	mr	robot	walking
breathing	burning	control	sweat
body	grab	knees	proceeded	shoulders
chest	cold	eating	effect	honeydew	melon	noticed	odd	raspy	raw	ripe
frightened	posh
australia	australian	fauna	flora	healthy	kill	quite	since	spiders	wants
confused	pressing
arm	armed	fact	feels	tryin
black	id	ill	leave	moving	terrancecrutcher	truth	violation
isn	mean	record
isn	nerves	possible	run	thin
circumstances	extreme	implied	retrospect
financially	secure
earth	incredibly	small
battle	fully	operational	sign	station
across	began	behind	daring	lurched	measured	painful	street	stride	walking
dont	single	vow	wait
both	chest	sides
happened	worse
13	14	flew	forsbergs	glover	gutter	outside	rd	ring	signet	stupidly
anxietymaybe	complications	emotions	growingupsucks	lostfriends	missingfriends	mixed	sadness	wheresthetruefriends
banter	desist	jimmies	relentless	rustled
gives	theme
anti	anymore	aren	funny	vaxers
breaking	breathe	dreams	months	stuffed	three	whacked
accidentally	arse	fat	instead	lose	moment	muscular	working
doom	humans	impending	recognizing	sense
australia	passport	safe
23rd	ball	birthday	court	moment	sentenced	shattering	standing
10	chest	hurriedly	later	seconds	sick	sickbowl	spewed	told	tshirt	white
bottom	brows	hair	mixed	picture	terrify
burned	dislocated	fell	headache	hot	migraine	oil	shoulder	sinus	stairs	ten	wood	wrist
heckler	hyper	predator	serious	situation
queen	whoever
company	important	internet	moved	office	worked
adulthood	anymore	degree	handle	left	months	nojobsinbiology	possess	undergraduate
guys	wunderlisthelp
collars	poor	pup	shock
few
fast	noped
due	emphasis	experiences	family	guiding	jody_paterson	keeping	own	principle	together
completely	done	knew	nerves	shot
fucking
ask	dreamed	falling	hers	sears	starts	telling	tower
widened
count	either	intended	pun	yikes
nose	numb	tight
fan	place
arms	chin
baby	poor
bat	heartless	horrifying	kindergarten	such	teacher	utterly
mirror	reform	settled	stirred	surface	water	wiped
halted	second	split	sprinting	swear
18	christ	cure	intimate	john	relationship
else	pick
berry	depressing	fame	fortune	gbbo	mary	mel	paulhollywood	principles	sue
ahs	ahsroanoke	covering	half	roanoke	watching	while
decided	figure	happened	hell	morning	woke
calm	comprehend	corner	deep	events	interpreter	lights	malboro	nerves	puff	somewhere	try
blood	clearly	energy	return	seems
ah	desperate	join	posts
calls	phone	ultimate
chronic	dishes	exhausted	gad	hangover	migraine	stood
danger
bridge	called	experience	hernando	however	particular	place	scares
biggest	shy	struggle
single	soul
air	plain	thin
arm	crowded	enter	entrance	pull	purchase	realize	theater	ticket
car	sensible
between	dream	dreams	reality	space
arrogance	despite	diligently	each	pretense	revealing	scourging	self	serving	stripping	wasteland	ways	working
championsfight	cyborg	dc_mma	fight	goes	holly	shes	thinks
contact	lost
anxietyprobz	exterior	happy	hopelessness	inside	peoplelikemebecause	sometimes
ache	afternoon	began	late	shoulder	yesterday
coping	david	essential	home	learning	normal	send	skill	suffers	survivor
balance	bar	grab	lean	lose
does	nutter	word
breadf2man	dontbuythesun	kelvin	mackenzie	shudder	sunapology	tomorrow
both	cancer	cure	different	difficult	dna	each	everyone	incredibly	since	unique	vaccine
hal	inside	shallow	sometimes
doors	lock
asleep	fall
body	chilli	clearly	crying	hiccuping	issue	kernel	sneezing	snot	sweating
days	home	luckily	missed	nurse	sore	talk	thursday	told	un	waking	week
nasty	stuck	stuff
80s	among	huge	kids	nightmares	nuclear	often	pervasive	screaming	waking	war
confidence	hmm	short	shy	wilkster_	wish	yf
awful
apple	between	swath	tamped	terrain	trees
crops	farmer	horrifying	picture	roundup	took	treating	yesterday
bb18	beginning	rooting	since
conditioning	hip	mind
broke	nearly	ruined
haunted
christmas	dream	ready	screaming	wasn	woke
acres	becoming	endangered	help	idaho	live	million	prevent	reason	residents	wolves
gabriella	hsm2	kid	part	stressful	together	troy	whether	wish
happened	occurrence	rather	regular	upstairs
carr	cry	jimmy	shiver
level	raised	threat
called	ha
charge	cleaning	everyday	home	literally	ok	parents	rent	start	threaten
courtneymee	days	ruin	sober	wanna
altogether	caught	conditions	eye	five	front	hundred	lengthy	list	medical	page
expensive	health	mental	sometimes	toll
jiggy
best	energy	motivationalquotes	motivations	proving	relentless	sometimes	wrong
hurt
2020	congress	control	decades	done	presidency	true	won
picture	third
accurate	audio	description	few	piece	recording	second	themed
nooneunderstands	turn
additional	background	robo	video	voice
article	babylon	bee	comic	tastes
fine	ok	smoke
28th	bullet	cursed	double	fatcatchicago	feature	free	horrorsociety	howl	moon	silver	wednesday
citizentvkenya	else	erickogi	may	misses	near	officialjmbugua	price	translate
available	care	late	malignant	options	palliative	reddit	stage
hurt	immediately
eat	slow
attacked
everyone	facing	habit	sitting	wall
drunk	guy
entire	goes	silent
knickers	pie	shepherd	thinking
amazement	bacteria	clinic	red	strep	swabbed
frankly	quite	shot	strong	tonight	wayy
general	population	press
edgy	sub
anyone	else	neither	ok	stressed
cause
9000	apart	eventually	hopefully	live	lt	meet	miles	money	neither
caused	chance	front	headed	limb	plop	scratching	trees	truly	yard
everytime	sharp	sub
googling	immunity	kinda	knows	measles	mumps	possible	try	wanes
numb
absolutely	anything	awful	comments	describe	enough	fucked	pretzel
damn	panicking	stroke
climb	gonna	wall
10	driving	learned	rain	recently	shit	slc	snow
buoyant	cant	denser	havent	learned	less	swim	swimming	working
cancer	friend	hug	scarier
froze	lungs	walking
making	meh	playoffs
early	gets
alternate	dystopian	fi	futures	haunting	sci	strange	visually	worlds
hours	less	making	means	money
logging
calf	muscle	pulled	weeks
achy	ichy
seems
bcci	cricketers	decision	ehtesham_toi	players	ravishastriofc	superstars	tantrums	unfortunate
child	cries	easy	gervaisoholic	misty	moor	nothing	nwe	ride	sullen
2008	25	air	bike	bones	broke	cant	cast	cureios	docters	finger	friends	fun	half	havin	knew	march	mom	motor	office	played	plsyed	rode	soft	splint	write
dominance	else	everyone	road
20	gets	reelected	says	siomo
believe	threat
saying	teach
bolts	commuting	confirm	found	frightening	hail	lightning	lots	motorcycle	rain	thunder
shocking	tbh	yellowsuburbia
alone	already	eat	finish	gameover	tonight	zombie
few
excite	goal	joe	quote	vitale
does	drain	energy	sotired
beijing	coordinate	defenses	endlessly	enforce	fades	fluctuates	measures	must	numbers	pandemic	policy	soon	tailor
car	crash
breath	ragged
best	death	friend	happiness	ik	lead	luck
puke
heyyyy	panicattacks	warriors
aged	cold	wet
believe	herself	inward	phrased	terribly
challenge	yourself
although	appear	broken	does	knee	least	rays	sending	specialist
bed	closed	freaked
front	page
advantage	af	gym	shy	uofw	wanna
difficult	during	image	mental	often
dankest	fresh	ill	memes	scurry	send	steal	theyll
own
burning	toast
came	cause	parents	safe	ya
13	ajar	bedroom	son
challenge	fair	flat	freshers	keys	pick	strangers	talk	tomorrow
beating	erratically	mention	option
scene	tough
looking	notice	shoes	yesterday
shivers
brendonati	convinced	done	panicatthedisco	post	videos
considered	saddening	sobering
haunting	layup	missed
foot	throbbing	while
insane	omg	unbelievably
disturbing	fuck	level	sub	top
brother	fearing	forming	smile	themoosesangel
pillow	suffocate
success	suffering
hell
involved	lake	large	swimming
bride	gifts	groomsmen	potential	swords	warned
combination	similar	truly	walls	water
burdens	carrying	usual
announced	calm	folded	intercom	mother	names	prayer
doctors	hot	ok	rude	send
kid
crying	dozens	screaming	shock
edgy
falling	reverse	song
10	making	minimum	wage	walmart
begin	images	pick	struggle
avoid	names	tipping	world	wrong
almost	bacteria	cleaner	definitely	kitchens	sick	use
cannibal	carnival	
consult	decided	desk	front	information	woman
absolutely	gameplay	strange	zero
alarm	alien	bearing	blown	evasively	flailed	four	message	quickly	rid	scream	sobbing	turned
ex	expert	husband	murdered	woman
careful	cause	def	needs	snapping
20	30	calling	least	longer	used
cringe	nah	rest
horrifying
achieve	big	bobproctor	excites	exhilarating	goal	scares	set
ashleyavitia_	leave
across	comes	eventually	extinguishers	fell	fire	foot	fridge	managed	minor	moved	place	score	successfully	victory
literally	making	sick	winter
big	goals	minds	small
concede	mufc	yet
seriously
cuz	told	transvestite
900	boy	clip	kisser	number	teen	youtube
45am	elouise	hospital	labour	littlesister	superexcited	waters
chop	ill	known	mentally	neighborhood	violent	worked
bandages	blemish	brown	pale	stick
bunch	seanunfiltered	texans
awesome	give	mashable	migraines	olark	stigma	suffers	thanks
main	notice	playing	reason
aunt	cried	grandaunt	grandma	mom	shook	sister	sniffled	sobbed	wept	wet	woke
watch
air	arms	legs	rolled	underneath
bond	cops	digging	doesn	families	fbi	fears	offense	property	unrelated
live	refuse
anymore	doesn	either	marriage	respect
completely	loose	pulled	pulling	tooth
aswell	ps4	toxic	xbox
congestion
